"Date","Action","Symbol","Description","Quantity","Price","Fees & Comm","Amount"
"08/07/2026","Reinvest Shares","GD","GENERAL DYNAMICS CORP","0.0168","$385.9226","","-$6.47"
"08/07/2026","Qual Div Reinvest","GD","GENERAL DYNAMICS CORP","","","","$6.47"
"08/06/2026","Reinvest Shares","BILS","STATE STREET SPDR BLOOMBERG 3-12 MONTH T-BILL ETF","0.3312","$99.1849","","-$32.85"
"08/06/2026","Reinvest Dividend","BILS","STATE STREET SPDR BLOOMBERG 3-12 MONTH T-BILL ETF","","","","$32.85"
"08/05/2026","Reinvest Shares","VGLT","VANGUARD LONG-TERM TREASINDEX FD ETF SHS","0.1534","$53.26","","-$8.17"
"08/05/2026","Reinvest Dividend","VGLT","VANGUARD LONG-TERM TREASINDEX FD ETF SHS","","","","$8.17"
"07/22/2026","Reinvest Shares","DIS","DISNEY WALT CO","0.1551","$96.7397","","-$15.00"
"07/22/2026","Qual Div Reinvest","DIS","DISNEY WALT CO","","","","$15.00"
"07/16/2026 as of 07/15/2026","Bank Interest","","BANK INT ...526 SCHWAB BANK","","","","$0.01"
"07/09/2026","Foreign Tax Paid","TSM","TAIWAN SEMICONDUCTOR M FSPONSORED ADR 1 ADR REPS 5 ORD SHS","","","","-$7.10"
"07/09/2026","Qualified Dividend","TSM","TAIWAN SEMICONDUCTOR M FSPONSORED ADR 1 ADR REPS 5 ORD SHS","","","","$33.82"
"07/07/2026","Reinvest Shares","BILS","STATE STREET SPDR BLOOMBERG 3-12 MONTH T-BILL ETF","0.3163","$99.18","","-$31.37"
"07/07/2026","Reinvest Dividend","BILS","STATE STREET SPDR BLOOMBERG 3-12 MONTH T-BILL ETF","","","","$31.37"
"07/06/2026","Reinvest Shares","VGLT","VANGUARD LONG-TERM TREASINDEX FD ETF SHS","0.1442","$54.58","","-$7.87"
"07/06/2026","Reinvest Dividend","VGLT","VANGUARD LONG-TERM TREASINDEX FD ETF SHS","","","","$7.87"
"07/02/2026 as of 07/01/2026","Cash In Lieu","MBGL","MOBILITY GLOBAL INC","","","","$0.19"
"07/02/2026","Mandatory Reorg Exc","XOM","EXXONMOBIL HLDGS CORP","17.3885","","",""
"07/02/2026","Mandatory Reorg Exc","30231G102","EXXON MOBIL CORP XXXNAME CHANGE EFF: 07/02/26","-17.3885","","",""
"07/01/2026","Spin-off","MBGL","MOBILITY GLOBAL INC","4","","",""
"06/30/2026","Reinvest Shares","DLR","DIGITAL RLTY TR INC REIT","0.1238","$181.5233","","-$22.47"
"06/30/2026","Non-Qualified Div","DLR","DIGITAL RLTY TR INC REIT","","","","$22.47"
"06/29/2026","Reinvest Shares","GRMN","GARMIN LTD F","0.0324","$234.202","","-$7.59"
"06/26/2026","Qual Div Reinvest","GRMN","GARMIN LTD F","","","","$7.59"
"06/26/2026","Reinvest Shares","RSPN","INVESCO S&P ...500 EQUAL WEIGHT INDUSTRIALS ETF","0.3791","$63.39","","-$24.03"
"06/26/2026","Reinvest Shares","VNQ","VANGUARD REAL ESTATE INDEX FUND ETF SHARES","0.264","$98.2499","","-$25.94"
"06/26/2026","Reinvest Shares","VGT","VANGUARD INFORMATION TECHNOLOGY INDEX FUND ETF SHARES","0.1161","$114.55","","-$13.30"
"06/26/2026","Reinvest Dividend","VNQ","VANGUARD REAL ESTATE INDEX FUND ETF SHARES","","","","$25.94"
"06/26/2026","Reinvest Dividend","RSPN","INVESCO S&P ...500 EQUAL WEIGHT INDUSTRIALS ETF","","","","$24.03"
"06/26/2026","Reinvest Dividend","VGT","VANGUARD INFORMATION TECHNOLOGY INDEX FUND ETF SHARES","","","","$13.30"
"06/24/2026","Reinvest Shares","XLV","STATE STREET HEALTH CARESELECT SECTOR SPDR ETF","0.2749","$153.28","","-$42.13"
"06/24/2026","Reinvest Shares","XLU","STATE STREET UTILITIES SELECT SECTOR SPDR ETF","0.2698","$45.178","","-$12.19"
"06/24/2026","Reinvest Shares","XLY","STATE STREET CONSUMER DISCRETIONARY SELECT SECTOR SPDR ETF","0.085","$115.39","","-$9.81"
"06/24/2026","Reinvest Shares","XLP","STATE STREET CONSUMER STAPLES SELECT SECTOR SPDR ETF","0.9054","$84.23","","-$76.26"
"06/24/2026","Reinvest Shares","XLB","STATE STREET MATERIALS SELECT SECTOR SPDR ETF","0.663","$51.21","","-$33.95"
"06/24/2026","Reinvest Shares","XLE","STATE STREET ENERGY SELECT SECTOR SPDR ETF","0.1933","$53.3978","","-$10.32"
"06/24/2026","Reinvest Dividend","XLV","STATE STREET HEALTH CARESELECT SECTOR SPDR ETF","","","","$42.13"
"06/24/2026","Reinvest Shares","XLC","STATE STREET COMMUNICATION SERVICES SELECT SECTOR SPDR ETF","0.2341","$107.42","","-$25.15"
"06/24/2026","Reinvest Dividend","XLY","STATE STREET CONSUMER DISCRETIONARY SELECT SECTOR SPDR ETF","","","","$9.81"
"06/24/2026","Reinvest Dividend","XLP","STATE STREET CONSUMER STAPLES SELECT SECTOR SPDR ETF","","","","$76.26"
"06/24/2026","Reinvest Dividend","XLU","STATE STREET UTILITIES SELECT SECTOR SPDR ETF","","","","$12.19"
"06/24/2026","Reinvest Dividend","XLB","STATE STREET MATERIALS SELECT SECTOR SPDR ETF","","","","$33.95"
"06/24/2026","Reinvest Dividend","XLE","STATE STREET ENERGY SELECT SECTOR SPDR ETF","","","","$10.32"
"06/24/2026","Reinvest Dividend","XLC","STATE STREET COMMUNICATION SERVICES SELECT SECTOR SPDR ETF","","","","$25.15"
"06/18/2026","Reinvest Shares","WM","WASTE MGMT INC DEL","0.1525","$215.0358","","-$32.79"
"06/18/2026","Reinvest Shares","IGV","ISHARES EXPANDED TECH-SOFTWARE SECTOR ETF","0.0106","$88.6355","","-$0.94"
"06/18/2026","Reinvest Shares","HD","HOME DEPOT INC","0.0541","$336.7564","","-$18.23"
"06/18/2026","Reinvest Shares","IYJ","ISHARES U.S. INDUSTRIALSETF","0.0166","$162.7995","","-$2.71"
"06/18/2026","Reinvest Shares","IYG","ISHARES U.S. FINANCIAL SERVICES ETF","0.1783","$91.5171","","-$16.32"
"06/18/2026","Qual Div Reinvest","WM","WASTE MGMT INC DEL","","","","$32.79"
"06/18/2026","Qual Div Reinvest","HD","HOME DEPOT INC","","","","$18.23"
"06/18/2026","Reinvest Dividend","IGV","ISHARES EXPANDED TECH-SOFTWARE SECTOR ETF","","","","$0.94"
"06/18/2026","Reinvest Dividend","IYJ","ISHARES U.S. INDUSTRIALSETF","","","","$2.71"
"06/18/2026","Reinvest Dividend","IYG","ISHARES U.S. FINANCIAL SERVICES ETF","","","","$16.32"
"06/16/2026","Reinvest Shares","ADI","ANALOG DEVICES INC","0.0371","$430.4158","","-$15.98"
"06/16/2026","Qual Div Reinvest","ADI","ANALOG DEVICES INC","","","","$15.98"
"06/16/2026 as of 06/15/2026","Bank Interest","","BANK INT ...526 SCHWAB BANK","","","","$0.01"
"06/15/2026","Reinvest Shares","GOOGL","ALPHABET INC CLASS CLASS A","0.0203","$370.6352","","-$7.54"
"06/15/2026","Qual Div Reinvest","GOOGL","ALPHABET INC CLASS CLASS A","","","","$7.54"
"06/11/2026","Reinvest Shares","MSFT","MICROSOFT CORP","0.0526","$392.168","","-$20.63"
"06/11/2026","Qual Div Reinvest","MSFT","MICROSOFT CORP","","","","$20.63"
"06/10/2026","Reinvest Shares","XOM","EXXON MOBIL CORP","0.1178","$151.0012","","-$17.79"
"06/10/2026","Reinvest Shares","SPGI","S&P GLOBAL INC","0.0091","$428.1181","","-$3.88"
"06/10/2026","Reinvest Shares","LLY","ELI LILLY AND CO","0.0045","$1153.5594","","-$5.23"
"06/10/2026","Qual Div Reinvest","SPGI","S&P GLOBAL INC","","","","$3.88"
"06/10/2026","Qual Div Reinvest","XOM","EXXON MOBIL CORP","","","","$17.79"
"06/10/2026","Qual Div Reinvest","LLY","ELI LILLY AND CO","","","","$5.23"
"06/05/2026","Reinvest Shares","VMC","VULCAN MATLS CO","0.0056","$281.8618","","-$1.59"
"06/05/2026","Qual Div Reinvest","VMC","VULCAN MATLS CO","","","","$1.59"
"06/04/2026","Reinvest Shares","BILS","STATE STREET SPDR BLOOMBERG 3-12 MONTH T-BILL ETF","0.3238","$99.1698","","-$32.11"
"06/04/2026","Reinvest Dividend","BILS","STATE STREET SPDR BLOOMBERG 3-12 MONTH T-BILL ETF","","","","$32.11"
"06/03/2026","Reinvest Shares","VGLT","VANGUARD LONG-TERM TREASINDEX FD ETF SHS","0.1482","$54.57","","-$8.09"
"06/03/2026","Reinvest Dividend","VGLT","VANGUARD LONG-TERM TREASINDEX FD ETF SHS","","","","$8.09"
"06/01/2026","Reinvest Shares","COF","CAPITAL ONE FINL CORP","0.0663","$186.1028","","-$12.33"
"06/01/2026","Reinvest Shares","V","VISA INC CLASS A","0.0124","$323.9217","","-$4.03"
"06/01/2026","Qual Div Reinvest","COF","CAPITAL ONE FINL CORP","","","","$12.33"
"06/01/2026","Qual Div Reinvest","V","VISA INC CLASS A","","","","$4.03"
"05/26/2026","Reinvest Shares","HWM","HOWMET AEROSPACE INC","0.0074","$260.6186","","-$1.92"
"05/26/2026","Reinvest Shares","WMT","WALMART INC","0.0523","$119.1971","","-$6.23"
"05/26/2026","Qual Div Reinvest","WMT","WALMART INC","","","","$6.23"
"05/26/2026","Qual Div Reinvest","HWM","HOWMET AEROSPACE INC","","","","$1.92"
"05/20/2026","Reinvest Shares","ET","ENERGY TRANSFER L P LP","1.5792","$20.3335","","-$32.11"
"05/20/2026","Reinvest Dividend","ET","ENERGY TRANSFER L P LP","","","","$32.11"
"05/18/2026 as of 05/15/2026","Bank Interest","","BANK INT ...526 SCHWAB BANK","","","","$0.01"
"05/15/2026","Reinvest Shares","ABBV","ABBVIE INC","0.1647","$210.2169","","-$34.62"
"05/15/2026","Qual Div Reinvest","ABBV","ABBVIE INC","","","","$34.62"
"05/14/2026","Reinvest Shares","AAPL","APPLE INC","0.0092","$298.1514","","-$2.73"
"05/14/2026","Qual Div Reinvest","AAPL","APPLE INC","","","","$2.73"
"05/08/2026","Reinvest Shares","GD","GENERAL DYNAMICS CORP","0.0186","$346.4509","","-$6.44"
"05/08/2026","Qual Div Reinvest","GD","GENERAL DYNAMICS CORP","","","","$6.44"
"05/06/2026","Reinvest Shares","BILS","STATE STREET SPDR BLOOMBERG 3-12 MONTH T-BILL ETF","0.3121","$99.205","","-$30.96"
"05/06/2026","Reinvest Dividend","BILS","STATE STREET SPDR BLOOMBERG 3-12 MONTH T-BILL ETF","","","","$30.96"
"05/05/2026","Reinvest Shares","VGLT","VANGUARD LONG-TERM TREASINDEX FD ETF SHS","0.1448","$54.56","","-$7.90"
"05/05/2026","Reinvest Dividend","VGLT","VANGUARD LONG-TERM TREASINDEX FD ETF SHS","","","","$7.90"
"04/22/2026 as of 04/20/2026","Cash In Lieu","VGT","VANGUARD INFORMATION TECHNOLOGY INDEX FUND ETF SHARES","","","","$62.88"
"04/21/2026 as of 04/20/2026","Stock Split","VGT","VANGUARD INFORMATION TECHNOLOGY INDEX FUND ETF SHARES","84","$101.1412","",""
"04/16/2026 as of 04/15/2026","Bank Interest","","BANK INT ...526 SCHWAB BANK","","","","$0.01"
"04/09/2026","Foreign Tax Paid","TSM","TAIWAN SEMICONDUCTOR M FSPONSORED ADR 1 ADR REPS 5 ORD SHS","","","","-$7.10"
"04/09/2026","Qualified Dividend","TSM","TAIWAN SEMICONDUCTOR M FSPONSORED ADR 1 ADR REPS 5 ORD SHS","","","","$33.80"
"04/06/2026","Reinvest Shares","WMT","WALMART INC","0.0491","$126.7474","","-$6.22"
"04/06/2026","Reinvest Shares","BILS","STATE STREET SPDR BLOOMBERG 3-12 MONTH T-BILL ETF","0.3094","$99.2051","","-$30.69"
"04/06/2026","Reinvest Shares","VGLT","VANGUARD LONG-TERM TREASINDEX FD ETF SHS","0.1531","$55.27","","-$8.46"
"04/06/2026","Qual Div Reinvest","WMT","WALMART INC","","","","$6.22"
"04/06/2026","Reinvest Dividend","VGLT","VANGUARD LONG-TERM TREASINDEX FD ETF SHS","","","","$8.46"
"04/06/2026","Reinvest Dividend","BILS","STATE STREET SPDR BLOOMBERG 3-12 MONTH T-BILL ETF","","","","$30.69"
"03/31/2026","Reinvest Shares","DLR","DIGITAL RLTY TR INC REIT","0.1243","$179.4525","","-$22.31"
"03/31/2026","Non-Qualified Div","DLR","DIGITAL RLTY TR INC REIT","","","","$22.31"
"03/30/2026","Qualified Dividend","TROW","PRICE T ROWE GROUP INC","","","","$24.64"
"03/27/2026","Reinvest Shares","WM","WASTE MGMT INC DEL","0.1437","$227.2782","","-$32.66"
"03/27/2026","Reinvest Shares","GRMN","GARMIN LTD F","0.028","$231.5993","","-$6.48"
"03/27/2026","Reinvest Shares","RSPN","INVESCO S&P ...500 EQUAL WEIGHT INDUSTRIALS ETF","0.3493","$57.0489","","-$19.93"
"03/27/2026","Qual Div Reinvest","GRMN","GARMIN LTD F","","","","$6.48"
"03/27/2026","Qual Div Reinvest","WM","WASTE MGMT INC DEL","","","","$32.66"
"03/27/2026","Reinvest Dividend","RSPN","INVESCO S&P ...500 EQUAL WEIGHT INDUSTRIALS ETF","","","","$19.93"
"03/26/2026","Reinvest Shares","VGT","VANGUARD INFORMATION TECHNOLOGY INDEX FUND ETF SHARES","0.0149","$702.71","","-$10.47"
"03/26/2026","Reinvest Shares","HD","HOME DEPOT INC","0.0552","$328.0529","","-$18.10"
"03/26/2026","Reinvest Shares","VNQ","VANGUARD REAL ESTATE INDEX FUND ETF SHARES","0.3227","$87.9097","","-$28.37"
"03/26/2026","Reinvest Dividend","VGT","VANGUARD INFORMATION TECHNOLOGY INDEX FUND ETF SHARES","","","","$10.47"
"03/26/2026","Qual Div Reinvest","HD","HOME DEPOT INC","","","","$18.10"
"03/26/2026","Reinvest Dividend","VNQ","VANGUARD REAL ESTATE INDEX FUND ETF SHARES","","","","$28.37"
"03/25/2026","Reinvest Shares","XLP","STATE STREET CONSUMER STAPLES SELECT SECTOR SPDR ETF","0.7441","$80.74","","-$60.08"
"03/25/2026","Reinvest Shares","XLB","STATE STREET MATERIALS SELECT SECTOR SPDR ETF","0.7474","$48.74","","-$36.43"
"03/25/2026","Reinvest Shares","XLE","STATE STREET ENERGY SELECT SECTOR SPDR ETF","0.1687","$60.819","","-$10.26"
"03/25/2026","Reinvest Shares","XLY","STATE STREET CONSUMER DISCRETIONARY SELECT SECTOR SPDR ETF","0.0819","$110.69","","-$9.06"
"03/25/2026","Reinvest Shares","XLV","STATE STREET HEALTH CARESELECT SECTOR SPDR ETF","0.2606","$145.9193","","-$38.02"
"03/25/2026","Reinvest Shares","XLC","STATE STREET COMMUNICATION SERVICES SELECT SECTOR SPDR ETF","0.2829","$111.53","","-$31.55"
"03/25/2026","Reinvest Shares","XLU","STATE STREET UTILITIES SELECT SECTOR SPDR ETF","0.2908","$45.39","","-$13.20"
"03/25/2026","Reinvest Dividend","XLU","STATE STREET UTILITIES SELECT SECTOR SPDR ETF","","","","$13.20"
"03/25/2026","Reinvest Dividend","XLE","STATE STREET ENERGY SELECT SECTOR SPDR ETF","","","","$10.26"
"03/25/2026","Reinvest Dividend","XLY","STATE STREET CONSUMER DISCRETIONARY SELECT SECTOR SPDR ETF","","","","$9.06"
"03/25/2026","Reinvest Dividend","XLV","STATE STREET HEALTH CARESELECT SECTOR SPDR ETF","","","","$38.02"
"03/25/2026","Reinvest Dividend","XLC","STATE STREET COMMUNICATION SERVICES SELECT SECTOR SPDR ETF","","","","$31.55"
"03/25/2026","Reinvest Dividend","XLP","STATE STREET CONSUMER STAPLES SELECT SECTOR SPDR ETF","","","","$60.08"
"03/25/2026","Reinvest Dividend","XLB","STATE STREET MATERIALS SELECT SECTOR SPDR ETF","","","","$36.43"
"03/24/2026","Buy","HOOD","ROBINHOOD MKTS INC CLASS CLASS A","14","$69.955","","-$979.37"
"03/24/2026","Buy","NFLX","NETFLIX INC","21","$92.205","","-$1936.31"
"03/24/2026","Sell","VGT","VANGUARD INFORMATION TECHNOLOGY INDEX FUND ETF SHARES","2","$711.5913","","$1423.18"
"03/24/2026","Sell","TROW","PRICE T ROWE GROUP INC","18.9541","$88.46","","$1676.68"
"03/23/2026","Reinvest Shares","VMC","VULCAN MATLS CO","0.006","$265.2753","","-$1.58"
"03/23/2026","Qual Div Reinvest","VMC","VULCAN MATLS CO","","","","$1.58"
"03/20/2026","Reinvest Shares","IYJ","ISHARES U.S. INDUSTRIALSETF","0.0233","$146.7869","","-$3.42"
"03/20/2026","Reinvest Shares","IYG","ISHARES U.S. FINANCIAL SERVICES ETF","0.2323","$81.6111","","-$18.96"
"03/20/2026","Reinvest Dividend","IYJ","ISHARES U.S. INDUSTRIALSETF","","","","$3.42"
"03/20/2026","Reinvest Dividend","IYG","ISHARES U.S. FINANCIAL SERVICES ETF","","","","$18.96"
"03/17/2026","Reinvest Shares","ADI","ANALOG DEVICES INC","0.0511","$311.9345","","-$15.93"
"03/17/2026","Qual Div Reinvest","ADI","ANALOG DEVICES INC","","","","$15.93"
"03/16/2026","Reinvest Shares","GOOGL","ALPHABET INC CLASS CLASS A","0.0236","$304.179","","-$7.19"
"03/16/2026","Qual Div Reinvest","GOOGL","ALPHABET INC CLASS CLASS A","","","","$7.19"
"03/16/2026 as of 03/15/2026","Bank Interest","","BANK INT ...526 SCHWAB BANK","","","","$0.01"
"03/12/2026","Reinvest Shares","MSFT","MICROSOFT CORP","0.051","$403.5578","","-$20.59"
"03/12/2026","Qual Div Reinvest","MSFT","MICROSOFT CORP","","","","$20.59"
"03/10/2026","Reinvest Shares","LLY","ELI LILLY AND CO","0.0052","$1001.6141","","-$5.22"
"03/10/2026","Reinvest Shares","XOM","EXXON MOBIL CORP","0.118","$149.7923","","-$17.67"
"03/10/2026","Qual Div Reinvest","XOM","EXXON MOBIL CORP","","","","$17.67"
"03/10/2026","Qual Div Reinvest","LLY","ELI LILLY AND CO","","","","$5.22"
"03/05/2026","Reinvest Shares","BILS","STATE STREET SPDR BLOOMBERG 3-12 MONTH T-BILL ETF","0.2903","$99.20","","-$28.80"
"03/05/2026","Reinvest Dividend","BILS","STATE STREET SPDR BLOOMBERG 3-12 MONTH T-BILL ETF","","","","$28.80"
"03/04/2026","Reinvest Shares","VGLT","VANGUARD LONG-TERM TREASINDEX FD ETF SHS","0.123","$56.89","","-$7.00"
"03/04/2026","Reinvest Dividend","VGLT","VANGUARD LONG-TERM TREASINDEX FD ETF SHS","","","","$7.00"
"03/02/2026","Reinvest Shares","COF","CAPITAL ONE FINL CORP","0.0636","$193.1003","","-$12.28"
"03/02/2026","Reinvest Shares","V","VISA INC CLASS CLASS A","0.0126","$318.2301","","-$4.02"
"03/02/2026","Qual Div Reinvest","COF","CAPITAL ONE FINL CORP","","","","$12.28"
"03/02/2026","Qual Div Reinvest","V","VISA INC CLASS CLASS A","","","","$4.02"
"02/27/2026","Buy","SPGI","S&P GLOBAL INC","4","$440.04","","-$1760.16"
"02/27/2026","Sell","TSM","TAIWAN SEMICONDUCTOR M FSPONSORED ADR 1 ADR REPS 5 ORD SHS","4","$375.12","","$1500.48"
"02/20/2026","Buy","HWM","HOWMET AEROSPACE INC","16","$257.71","","-$4123.36"
"02/20/2026","Sell","VGT","VANGUARD INFORMATION TECHNOLOGY ETF","3","$737.465","","$2212.40"
"02/20/2026","Sell","FLUT","FLUTTER ENTMT PLC F","4","$121.455","","$485.82"
"02/20/2026","Sell","TROW","PRICE T ROWE GROUP INC","18","$94.41","","$1699.38"
"02/19/2026","Reinvest Shares","ET","ENERGY TRANSFER L P LP","1.6358","$19.1526","","-$31.33"
"02/19/2026","Reinvest Dividend","ET","ENERGY TRANSFER L P LP","","","","$31.33"
"02/17/2026","Reinvest Shares","ABBV","ABBVIE INC","0.1477","$232.6919","","-$34.36"
"02/17/2026","Qual Div Reinvest","ABBV","ABBVIE INC","","","","$34.36"
"02/17/2026 as of 02/15/2026","Bank Interest","","BANK INT ...526 SCHWAB BANK","","","","$0.01"
"02/12/2026","Reinvest Shares","AAPL","APPLE INC","0.0097","$270.3614","","-$2.63"
"02/12/2026","Qual Div Reinvest","AAPL","APPLE INC","","","","$2.63"
"02/09/2026","Buy","DIS","DISNEY WALT CO","20","$107.43","","-$2148.60"
"02/09/2026","Buy","COF","CAPITAL ONE FINL CORP","5","$222.9599","","-$1114.80"
"02/09/2026","Buy","V","VISA INC CLASS CLASS A","6","$325.205","","-$1951.23"
"02/09/2026","Buy","TTWO","TAKE-TWO INTERACTIVE SOF","5","$204.2112","","-$1021.06"
"02/09/2026","Buy","XLY","STATE STRT CONS DSRY SLTSE SP ETF IV","42","$117.525","","-$4936.05"
"02/09/2026","Buy","VNQ","VANGUARD REAL ESTATE ETF","30","$92.1899","","-$2765.70"
"02/09/2026","Buy","XLC","STE STRT COMTN SR SLCT SCTR SPDR ETF","25","$116.625","","-$2915.63"
"02/09/2026","Sell","VGT","VANGUARD INFORMATION TECHNOLOGY ETF","3","$750.5551","","$2251.67"
"02/09/2026","Sell","XLB","STATE STRET MATRL SLCT SCTR SPDR ETF","15","$51.915","","$778.73"
"02/09/2026","Sell","BILS","ST SRT SPDR BLMBRG 3 12 MN T ETF IV","40","$99.2616","$0.01","$3970.45"
"02/09/2026","Sell","TROW","PRICE T ROWE GROUP INC","13","$96.365","","$1252.75"
"02/09/2026","Sell","PSCT","INVSC S&P SMALL TECH PORT ETF","104.0744","$63.0748","$0.02","$6564.45"
"02/09/2026","Sell","PINS","PINTEREST INC CLASS A","125","$19.805","$0.02","$2475.61"
"02/09/2026","Sell","PGR","PROGRESSIVE CORP OH","0.0017","$202.43","","$0.34"
"02/06/2026","Reinvest Shares","GD","GENERAL DYNAMICS CORP","0.0169","$357.8754","","-$6.05"
"02/06/2026","Qual Div Reinvest","GD","GENERAL DYNAMICS CORP","","","","$6.05"
"02/05/2026","Reinvest Shares","BILS","ST SRT SPDR BLMBRG 3 12 MN T ETF IV","0.4418","$99.2292","","-$43.84"
"02/05/2026","Reinvest Dividend","BILS","ST SRT SPDR BLMBRG 3 12 MN T ETF IV","","","","$43.84"
"02/04/2026","Reinvest Shares","VGLT","VANGUARD LONG-TERM TREASINDEX FD ETF SHS","0.1441","$55.39","","-$7.98"
"02/04/2026","Reinvest Dividend","VGLT","VANGUARD LONG-TERM TREASINDEX FD ETF SHS","","","","$7.98"
"01/16/2026","Reinvest Shares","DLR","DIGITAL RLTY TR INC REIT","0.1358","$163.0853","","-$22.15"
"01/16/2026","Pr Yr Non Qual Div","DLR","DIGITAL RLTY TR INC REIT","","","","$22.15"
"01/08/2026","Special Qual Div","PGR","PROGRESSIVE CORP OH","","","","$0.02"
"01/08/2026","Foreign Tax Paid","TSM","TAIWAN SEMICONDUCTOR M FSPONSORED ADR 1 ADR REPS 5 ORD SHS","","","","-$6.68"
"01/08/2026","Qualified Dividend","TSM","TAIWAN SEMICONDUCTOR M FSPONSORED ADR 1 ADR REPS 5 ORD SHS","","","","$31.82"
"01/05/2026","Reinvest Shares","WMT","WALMART INC","0.0524","$112.3484","","-$5.89"
"01/05/2026","Qual Div Reinvest","WMT","WALMART INC","","","","$5.89"
"12/30/2025","Reinvest Shares","TROW","PRICE T ROWE GROUP INC","0.603","$103.9417","","-$62.68"
"12/30/2025","Qual Div Reinvest","TROW","PRICE T ROWE GROUP INC","","","","$62.68"
"12/26/2025","Reinvest Shares","GRMN","GARMIN LTD F","0.0314","$205.265","","-$6.45"
"12/26/2025","Reinvest Shares","RSPN","INVSC SP ...500 EQUAL WGHT INDSTRL ETF","0.2598","$57.4761","","-$14.93"
"12/26/2025","Qual Div Reinvest","GRMN","GARMIN LTD F","","","","$6.45"
"12/26/2025","Reinvest Dividend","RSPN","INVSC SP ...500 EQUAL WGHT INDSTRL ETF","","","","$14.93"
"12/24/2025","Reinvest Shares","XLU","STATE STRT UTLTES SLET SCTR SPDR ETF","0.3146","$42.62","","-$13.41"
"12/24/2025","Reinvest Shares","XLE","STATE STRET ENRGY SLECT SEC SPDR ETF","0.2215","$44.5097","","-$9.86"
"12/24/2025","Reinvest Shares","XLV","STATE STRT HLTH CRE SLT SEC SPDR ETF","0.2691","$155.4193","","-$41.82"
"12/24/2025","Reinvest Shares","XLC","STE STRT COMTN SR SLCT SC SPDR ETF IV","0.202","$117.52","","-$23.74"
"12/24/2025","Reinvest Shares","XLP","STE SRT CNSR STPLS SLCT SEC SPDR ETF","1.0547","$77.89","","-$82.15"
"12/24/2025","Reinvest Shares","XLB","STATE STRET MATRL SLCT SCTR SPDR ETF","0.9622","$45.73","","-$44.00"
"12/24/2025","Reinvest Dividend","XLU","STATE STRT UTLTES SLET SCTR SPDR ETF","","","","$13.41"
"12/24/2025","Reinvest Dividend","XLE","STATE STRET ENRGY SLECT SEC SPDR ETF","","","","$9.86"
"12/24/2025","Reinvest Dividend","XLV","STATE STRT HLTH CRE SLT SEC SPDR ETF","","","","$41.82"
"12/24/2025","Reinvest Dividend","XLP","STE SRT CNSR STPLS SLCT SEC SPDR ETF","","","","$82.15"
"12/24/2025","Reinvest Dividend","XLB","STATE STRET MATRL SLCT SCTR SPDR ETF","","","","$44.00"
"12/24/2025","Reinvest Dividend","XLC","STE STRT COMTN SR SLCT SC SPDR ETF IV","","","","$23.74"
"12/23/2025","Reinvest Shares","BILS","ST SRT SPDR BLMBRG 3 12 MN T ETF IV","0.4928","$99.13","","-$48.85"
"12/23/2025","Reinvest Dividend","BILS","ST SRT SPDR BLMBRG 3 12 MN T ETF IV","","","","$48.85"
"12/22/2025","Reinvest Shares","ADI","ANALOG DEVICES INC","0.0516","$276.5926","","-$14.28"
"12/22/2025","Reinvest Shares","VGLT","VANGUARD LONG-TERM TREASINDEX FD ETF SHS","0.1422","$55.76","","-$7.93"
"12/22/2025","Reinvest Dividend","VGLT","VANGUARD LONG-TERM TREASINDEX FD ETF SHS","","","","$7.93"
"12/22/2025","Qual Div Reinvest","ADI","ANALOG DEVICES INC","","","","$14.28"
"12/19/2025","Reinvest Shares","IYJ","ISHARES US INDUSTRIALS ETF","0.0229","$148.2745","","-$3.39"
"12/19/2025","Reinvest Shares","IYG","ISHARES US FINANCIAL SERETF","0.2013","$92.0902","","-$18.54"
"12/19/2025","Reinvest Shares","WM","WASTE MGMT INC DEL","0.1303","$217.917","","-$28.40"
"12/19/2025","Reinvest Shares","VGT","VANGUARD INFORMATION TECHNOLOGY ETF","0.0202","$753.03","","-$15.18"
"12/19/2025","Qual Div Reinvest","WM","WASTE MGMT INC DEL","","","","$28.40"
"12/19/2025","Reinvest Dividend","VGT","VANGUARD INFORMATION TECHNOLOGY ETF","","","","$15.18"
"12/19/2025","Reinvest Dividend","IYJ","ISHARES US INDUSTRIALS ETF","","","","$3.39"
"12/19/2025","Reinvest Dividend","IYG","ISHARES US FINANCIAL SERETF","","","","$18.54"
"12/18/2025","Reinvest Shares","HD","HOME DEPOT INC","0.0489","$363.1329","","-$17.75"
"12/18/2025","Qual Div Reinvest","HD","HOME DEPOT INC","","","","$17.75"
"12/16/2025 as of 12/15/2025","Bank Interest","","BANK INT ...525 SCHWAB BANK","","","","$0.01"
"12/15/2025","Reinvest Shares","GOOGL","ALPHABET INC CLASS A","0.0233","$307.9694","","-$7.19"
"12/15/2025","Qual Div Reinvest","GOOGL","ALPHABET INC CLASS A","","","","$7.19"
"12/11/2025","Reinvest Shares","MSFT","MICROSOFT CORP","0.0428","$480.5094","","-$20.55"
"12/11/2025","Qual Div Reinvest","MSFT","MICROSOFT CORP","","","","$20.55"
"12/10/2025","Reinvest Shares","XOM","EXXON MOBIL CORP","0.147","$119.184","","-$17.52"
"12/10/2025","Reinvest Shares","LLY","ELI LILLY AND CO","0.0046","$987.6656","","-$4.52"
"12/10/2025","Qual Div Reinvest","LLY","ELI LILLY AND CO","","","","$4.52"
"12/10/2025","Qual Div Reinvest","XOM","EXXON MOBIL CORP","","","","$17.52"
"12/08/2025 as of 12/04/2025","Cash In Lieu","XLU","STATE STRT UTLTES SLET SCTR SPDR ETF","","","","$11.21"
"12/08/2025 as of 12/04/2025","Cash In Lieu","XLE","STATE STRET ENRGY SLECT SEC SPDR ETF","","","","$19.28"
"12/08/2025 as of 12/04/2025","Cash In Lieu","XLB","STATE STRET MATRL SLCT SCTR SPDR ETF","","","","$42.05"
"12/05/2025 as of 12/04/2025","Stock Split","XLU","STATE STRT UTLTES SLET SCTR SPDR ETF","21","$43.71","",""
"12/05/2025 as of 12/04/2025","Stock Split","XLE","STATE STRET ENRGY SLECT SEC SPDR ETF","13","$46.11","",""
"12/05/2025 as of 12/04/2025","Stock Split","XLB","STATE STRET MATRL SLCT SCTR SPDR ETF","94","$44.235","",""
"12/04/2025","Reinvest Shares","BILS","ST SRT SPDR BLMBRG 3 12 MN T ETF IV","0.4456","$99.2556","","-$44.23"
"12/04/2025","Reinvest Dividend","BILS","ST SRT SPDR BLMBRG 3 12 MN T ETF IV","","","","$44.23"
"12/03/2025","Reinvest Shares","VGLT","VANGUARD LONG-TERM TREASINDEX FD ETF SHS","0.1329","$56.67","","-$7.53"
"12/03/2025","Reinvest Dividend","VGLT","VANGUARD LONG-TERM TREASINDEX FD ETF SHS","","","","$7.53"
"12/01/2025","Reinvest Shares","COF","CAPITAL ONE FINL CORP","0.0371","$222.3125","","-$8.25"
"12/01/2025","Qual Div Reinvest","COF","CAPITAL ONE FINL CORP","","","","$8.25"
"11/25/2025","Reinvest Shares","VMC","VULCAN MATLS CO","0.0051","$289.4851","","-$1.49"
"11/25/2025","Qual Div Reinvest","VMC","VULCAN MATLS CO","","","","$1.49"
"11/19/2025","Reinvest Shares","ET","ENERGY TRANSFER L P LP","1.7987","$16.9511","","-$30.49"
"11/19/2025","Reinvest Dividend","ET","ENERGY TRANSFER L P LP","","","","$30.49"
"11/17/2025 as of 11/14/2025","Reinvest Shares","GD","GENERAL DYNAMICS CORP","0.0175","$344.2314","","-$6.03"
"11/17/2025 as of 11/14/2025","Reinvest Shares","ABBV","ABBVIE INC","0.1393","$232.1131","","-$32.34"
"11/17/2025 as of 11/14/2025","Reinvestment Adj","GD","GENERAL DYNAMICS CORP","0.0176","$343.585","","$6.03"
"11/17/2025 as of 11/14/2025","Reinvestment Adj","ABBV","ABBVIE INC","0.14","$231.00","","$32.34"
"11/17/2025 as of 11/15/2025","Bank Interest","","BANK INT ...525 SCHWAB BANK","","","","$0.08"
"11/14/2025","Reinvest Shares","ABBV","ABBVIE INC","0.14","$231.00","","-$32.34"
"11/14/2025","Reinvest Shares","GD","GENERAL DYNAMICS CORP","0.0176","$343.585","","-$6.03"
"11/14/2025","Qual Div Reinvest","ABBV","ABBVIE INC","","","","$32.34"
"11/14/2025","Qual Div Reinvest","GD","GENERAL DYNAMICS CORP","","","","$6.03"
"11/13/2025","Reinvest Shares","AAPL","APPLE INC","0.0096","$273.065","","-$2.62"
"11/13/2025","Qual Div Reinvest","AAPL","APPLE INC","","","","$2.62"
"11/06/2025","Reinvest Shares","BILS","ST SRT SPDR BLMBRG 3 12 MN T ETF IV","0.4726","$99.2486","","-$46.90"
"11/06/2025","Reinvest Dividend","BILS","ST SRT SPDR BLMBRG 3 12 MN T ETF IV","","","","$46.90"
"11/05/2025","Reinvest Shares","VGLT","VANGUARD LONG-TERM TREASINDEX FD ETF SHS","0.1378","$56.739","","-$7.82"
"11/05/2025","Reinvest Dividend","VGLT","VANGUARD LONG-TERM TREASINDEX FD ETF SHS","","","","$7.82"
"10/27/2025","Buy","IREN","IREN LTD F","18","$65.825","","-$1184.85"
"10/22/2025","Buy","RSPN","INVSC SP ...500 EQUAL WGHT INDSTRL ETF","114","$55.69","","-$6348.66"
"10/22/2025","Buy","XLB","SPDR FUND MATERIALS SELECT SECTR ETF","72","$88.305","","-$6357.96"
"10/22/2025","Buy","XLC","COMMUNICAT SVS SLCT SEC SPDR ETF","7","$115.1665","","-$806.17"
"10/22/2025","Sell","TMUS","T-MOBILE US INC","4","$226.1201","","$904.48"
"10/22/2025","Sell","NEE","NEXTERA ENERGY INC","31.6724","$83.2463","$0.01","$2636.60"
"10/22/2025","Sell","INSW","INTERNTNL SEAWAYS IN F","15","$45.8362","","$687.54"
"10/22/2025","Sell","ENPH","ENPHASE ENERGY INC","5","$34.9201","","$174.60"
"10/22/2025","Sell","CRSP","CRISPR THERAPEUTICS AG F","32","$65.185","$0.01","$2085.91"
"10/22/2025","Sell","ADBE","ADOBE INC","8","$354.3901","","$2835.12"
"10/16/2025 as of 10/15/2025","Bank Interest","","BANK INT ...525 SCHWAB BANK","","","","$0.34"
"10/10/2025","Reinvest Shares","PGR","PROGRESSIVE CORP OH","0.0017","$241.51","","-$0.40"
"10/10/2025","Sell","PGR","PROGRESSIVE CORP OH","4.0047","$243.3191","","$974.42"
"10/10/2025","Qual Div Reinvest","PGR","PROGRESSIVE CORP OH","","","","$0.40"
"10/09/2025","Foreign Tax Paid","TSM","TAIWAN SEMICONDUCTOR M FSPONSORED ADR 1 ADR REPS 5 ORD SHS","","","","-$6.90"
"10/09/2025","Qualified Dividend","TSM","TAIWAN SEMICONDUCTOR M FSPONSORED ADR 1 ADR REPS 5 ORD SHS","","","","$32.88"
"10/06/2025","Reinvest Shares","BILS","SPDR BLOOMBERG 3 12 MTH T BLL ETF","0.4757","$99.2699","","-$47.22"
"10/06/2025","Reinvest Dividend","BILS","SPDR BLOOMBERG 3 12 MTH T BLL ETF","","","","$47.22"
"10/03/2025","Reinvest Shares","VGLT","VANGUARD LONG-TERM TREASINDEX FD ETF SHS","0.1331","$56.88","","-$7.57"
"10/03/2025","Buy","PINS","PINTEREST INC CLASS A","125","$32.395","","-$4049.38"
"10/03/2025","Buy","FLUT","FLUTTER ENTMT PLC F","4","$252.8604","","-$1011.44"
"10/03/2025","Reinvest Dividend","VGLT","VANGUARD LONG-TERM TREASINDEX FD ETF SHS","","","","$7.57"
"09/30/2025","Reinvest Shares","DLR","DIGITAL RLTY TR INC REIT","0.1295","$169.7614","","-$21.99"
"09/30/2025","Non-Qualified Div","DLR","DIGITAL RLTY TR INC REIT","","","","$21.99"
"09/29/2025","Reinvest Shares","TROW","PRICE T ROWE GROUP INC","0.6007","$103.0709","","-$61.91"
"09/29/2025","Qual Div Reinvest","TROW","PRICE T ROWE GROUP INC","","","","$61.91"
"09/26/2025","Reinvest Shares","WM","WASTE MGMT INC DEL","0.1288","$219.8055","","-$28.30"
"09/26/2025","Reinvest Shares","GRMN","GARMIN LTD F","0.0268","$240.2987","","-$6.43"
"09/26/2025","Reinvest Shares","VGT","VANGUARD INFORMATION TECHNOLOGY ETF","0.0234","$734.40","","-$17.20"
"09/26/2025","Reinvest Shares","PSCT","INVSC S&P SMALL TECH PORT ETF","0.0077","$51.9321","","-$0.40"
"09/26/2025","Qual Div Reinvest","GRMN","GARMIN LTD F","","","","$6.43"
"09/26/2025","Reinvest Shares","RSPN","INVSC SP ...500 EQUAL WGHT INDSTRL ETF","0.1506","$55.6978","","-$8.39"
"09/26/2025","Qual Div Reinvest","WM","WASTE MGMT INC DEL","","","","$28.30"
"09/26/2025","Reinvest Dividend","VGT","VANGUARD INFORMATION TECHNOLOGY ETF","","","","$17.20"
"09/26/2025","Reinvest Dividend","RSPN","INVSC SP ...500 EQUAL WGHT INDSTRL ETF","","","","$8.39"
"09/26/2025","Reinvest Dividend","PSCT","INVSC S&P SMALL TECH PORT ETF","","","","$0.40"
"09/24/2025","Reinvest Shares","XLE","ENERGY SELECT SECTOR SPDR ETF","0.1095","$91.0299","","-$9.97"
"09/24/2025","Reinvest Shares","XLV","SELECT SECTOR HEALTH CARE SPDR ETF","0.2897","$136.71","","-$39.61"
"09/24/2025","Reinvest Shares","XLP","SPDR FUND CONSUMER STAPLES ETF","0.8964","$78.57","","-$70.43"
"09/24/2025","Reinvest Shares","XLB","SPDR FUND MATERIALS SELECT SECTR ETF","0.1097","$89.3699","","-$9.80"
"09/24/2025","Reinvest Shares","XLC","COMMUNICAT SVS SLCT SEC SPDR ETF","0.1976","$117.4494","","-$23.21"
"09/24/2025","Special Qual Div","INSW","INTERNTNL SEAWAYS IN F","","","","$9.75"
"09/24/2025","Qualified Dividend","INSW","INTERNTNL SEAWAYS IN F","","","","$1.80"
"09/24/2025","Reinvest Dividend","XLP","SPDR FUND CONSUMER STAPLES ETF","","","","$70.43"
"09/24/2025","Reinvest Dividend","XLE","ENERGY SELECT SECTOR SPDR ETF","","","","$9.97"
"09/24/2025","Reinvest Dividend","XLB","SPDR FUND MATERIALS SELECT SECTR ETF","","","","$9.80"
"09/24/2025","Reinvest Dividend","XLC","COMMUNICAT SVS SLCT SEC SPDR ETF","","","","$23.21"
"09/24/2025","Reinvest Shares","XLU","SELECT SECTOR UTI SELECTSPDR ETF","0.14","$85.64","","-$11.99"
"09/24/2025","Reinvest Dividend","XLU","SELECT SECTOR UTI SELECTSPDR ETF","","","","$11.99"
"09/24/2025","Reinvest Dividend","XLV","SELECT SECTOR HEALTH CARE SPDR ETF","","","","$39.61"
"09/22/2025","Wire Sent","","WIRED FUNDS DISBURSED","","","","-$1000.00"
"09/19/2025","Reinvest Shares","IYG","ISHARES US FINANCIAL SERETF","0.18","$90.2299","","-$16.24"
"09/19/2025","Reinvest Shares","IYJ","ISHARES US INDUSTRIALS ETF","0.0359","$145.3023","","-$5.21"
"09/19/2025","Reinvest Dividend","IYJ","ISHARES US INDUSTRIALS ETF","","","","$5.21"
"09/19/2025","Reinvest Dividend","IYG","ISHARES US FINANCIAL SERETF","","","","$16.24"
"09/18/2025","Reinvest Shares","HD","HOME DEPOT INC","0.042","$420.0818","","-$17.66"
"09/18/2025","Qual Div Reinvest","HD","HOME DEPOT INC","","","","$17.66"
"09/16/2025","Reinvest Shares","ADI","ANALOG DEVICES INC","0.0582","$244.233","","-$14.22"
"09/16/2025","Qual Div Reinvest","ADI","ANALOG DEVICES INC","","","","$14.22"
"09/16/2025 as of 09/15/2025","Bank Interest","","BANK INT ...525 SCHWAB BANK","","","","$0.46"
"09/15/2025","Reinvest Shares","NEE","NEXTERA ENERGY INC","0.2484","$71.6726","","-$17.80"
"09/15/2025","Reinvest Shares","GOOGL","ALPHABET INC CLASS A","0.0287","$249.9798","","-$7.18"
"09/15/2025","Qual Div Reinvest","GOOGL","ALPHABET INC CLASS A","","","","$7.18"
"09/15/2025","Qual Div Reinvest","NEE","NEXTERA ENERGY INC","","","","$17.80"
"09/11/2025","Reinvest Shares","MSFT","MICROSOFT CORP","0.0373","$501.3807","","-$18.71"
"09/11/2025","Qualified Dividend","TMUS","T-MOBILE US INC","","","","$3.52"
"09/11/2025","Qual Div Reinvest","MSFT","MICROSOFT CORP","","","","$18.71"
"09/10/2025","Reinvest Shares","XOM","EXXON MOBIL CORP","0.1486","$112.3317","","-$16.69"
"09/10/2025","Reinvest Shares","LLY","ELI LILLY AND CO","0.006","$749.8142","","-$4.51"
"09/10/2025","Qual Div Reinvest","XOM","EXXON MOBIL CORP","","","","$16.69"
"09/10/2025","Qual Div Reinvest","LLY","ELI LILLY AND CO","","","","$4.51"
"09/05/2025","Reinvest Shares","BILS","SPDR BLOOMBERG 3 12 MTH T BLL ETF","0.4979","$99.2887","","-$49.44"
"09/05/2025","Reinvest Dividend","BILS","SPDR BLOOMBERG 3 12 MTH T BLL ETF","","","","$49.44"
"09/04/2025","Reinvest Shares","VGLT","VANGUARD LONG-TERM TREASINDEX FD ETF SHS","0.1393","$55.48","","-$7.73"
"09/04/2025","Reinvest Dividend","VGLT","VANGUARD LONG-TERM TREASINDEX FD ETF SHS","","","","$7.73"
"09/03/2025","Reinvest Shares","VMC","VULCAN MATLS CO","0.0051","$289.415","","-$1.49"
"09/03/2025","Qual Div Reinvest","VMC","VULCAN MATLS CO","","","","$1.49"
"09/02/2025","Reinvest Shares","WMT","WALMART INC","0.0602","$97.6023","","-$5.88"
"09/02/2025","Qual Div Reinvest","WMT","WALMART INC","","","","$5.88"
"09/02/2025","Reinvest Shares","COF","CAPITAL ONE FINL CORP","0.0278","$221.8299","","-$6.17"
"09/02/2025","Qual Div Reinvest","COF","CAPITAL ONE FINL CORP","","","","$6.17"
"08/19/2025","Reinvest Shares","ET","ENERGY TRANSFER L P LP","1.7163","$17.3051","","-$29.70"
"08/19/2025","Reinvest Dividend","ET","ENERGY TRANSFER L P LP","","","","$29.70"
"08/18/2025 as of 08/15/2025","Bank Interest","","BANK INT ...525 SCHWAB BANK","","","","$0.46"
"08/15/2025","Reinvest Shares","ABBV","ABBVIE INC","0.1562","$205.451","","-$32.09"
"08/15/2025","Qual Div Reinvest","ABBV","ABBVIE INC","","","","$32.09"
"08/14/2025","Reinvest Shares","AAPL","APPLE INC","0.0113","$231.454","","-$2.62"
"08/14/2025","Qual Div Reinvest","AAPL","APPLE INC","","","","$2.62"
"08/08/2025","Reinvest Shares","GD","GENERAL DYNAMICS CORP","0.019","$315.2953","","-$6.00"
"08/08/2025","Qual Div Reinvest","GD","GENERAL DYNAMICS CORP","","","","$6.00"
"08/06/2025","Reinvest Shares","BILS","SPDR BLOOMBERG 3 12 MTH T BLL ETF","0.4976","$99.1987","","-$49.36"
"08/06/2025","Reinvest Dividend","BILS","SPDR BLOOMBERG 3 12 MTH T BLL ETF","","","","$49.36"
"08/05/2025","Reinvest Shares","VGLT","VANGUARD LONG-TERM TREASINDEX FD ETF SHS","0.1356","$56.18","","-$7.62"
"08/05/2025","Reinvest Dividend","VGLT","VANGUARD LONG-TERM TREASINDEX FD ETF SHS","","","","$7.62"
"07/16/2025 as of 07/15/2025","Bank Interest","","BANK INT ...525 SCHWAB BANK","","","","$0.44"
"07/11/2025","Reinvest Shares","PGR","PROGRESSIVE CORP OH","0.0016","$246.7495","","-$0.40"
"07/11/2025","Qual Div Reinvest","PGR","PROGRESSIVE CORP OH","","","","$0.40"
"07/10/2025","Foreign Tax Paid","TSM","TAIWAN SEMICONDUCTOR M FSPONSORED ADR 1 ADR REPS 5 ORD SHS","","","","-$6.55"
"07/10/2025","Qualified Dividend","TSM","TAIWAN SEMICONDUCTOR M FSPONSORED ADR 1 ADR REPS 5 ORD SHS","","","","$31.21"
"07/07/2025","Reinvest Shares","BILS","SPDR BLOOMBERG 3 12 MTH T BLL ETF","0.4785","$99.1594","","-$47.45"
"07/07/2025","Reinvest Dividend","BILS","SPDR BLOOMBERG 3 12 MTH T BLL ETF","","","","$47.45"
"07/03/2025","Reinvest Shares","VGLT","VANGUARD LONG-TERM TREASINDEX FD ETF SHS","0.1336","$55.33","","-$7.39"
"07/03/2025","Reinvest Dividend","VGLT","VANGUARD LONG-TERM TREASINDEX FD ETF SHS","","","","$7.39"
"06/30/2025","Reinvest Dividend","VGT","VANGUARD INFORMATION TECHNOLOGY ETF","","","","$14.06"
"06/30/2025","Reinvest Shares","VGT","VANGUARD INFORMATION TECHNOLOGY ETF","0.0213","$660.17","","-$14.06"
"06/30/2025","Reinvest Shares","DLR","DIGITAL RLTY TR INC REIT","0.127","$172.016","","-$21.84"
"06/30/2025","Reinvest Shares","GRMN","GARMIN LTD F","0.0306","$209.0899","","-$6.40"
"06/30/2025","Non-Qualified Div","DLR","DIGITAL RLTY TR INC REIT","","","","$21.84"
"06/27/2025","Reinvest Dividend","RSPN","INVSC SP ...500 EQL WGHT INDSTRL ETF IV","","","","$6.19"
"06/27/2025","Qual Div Reinvest","GRMN","GARMIN LTD F","","","","$6.40"
"06/27/2025","Reinvest Shares","TROW","PRICE T ROWE GROUP INC","0.6335","$96.4612","","-$61.11"
"06/27/2025","Reinvest Shares","RSPN","INVSC SP ...500 EQL WGHT INDSTRL ETF IV","0.1162","$53.2535","","-$6.19"
"06/27/2025","Reinvest Shares","PSCT","INVSC S&P SMALL TECH PORT ETF","0.0206","$46.16","","-$0.95"
"06/27/2025","Reinvest Dividend","PSCT","INVSC S&P SMALL TECH PORT ETF","","","","$0.95"
"06/27/2025","Qual Div Reinvest","TROW","PRICE T ROWE GROUP INC","","","","$61.11"
"06/26/2025","Qualified Dividend","INSW","INTERNTNL SEAWAYS IN F","","","","$1.80"
"06/26/2025","Special Qual Div","INSW","INTERNTNL SEAWAYS IN F","","","","$7.20"
"06/25/2025","Reinvest Shares","XLP","SPDR FUND CONSUMER STAPLES ETF","0.8822","$80.91","","-$71.38"
"06/25/2025","Reinvest Shares","XLB","SPDR FUND MATERIALS SELECT SECTR ETF","0.1143","$87.1738","","-$9.96"
"06/25/2025","Reinvest Shares","XLU","SELECT SECTOR UTI SELECTSPDR ETF","0.1442","$81.05","","-$11.69"
"06/25/2025","Reinvest Shares","XLE","ENERGY SELECT SECTOR SPDR ETF","0.1118","$84.79","","-$9.48"
"06/25/2025","Reinvest Shares","XLC","COMMUNICAT SVS SLCT SEC SPDR ETF","0.1313","$105.7699","","-$13.89"
"06/25/2025","Reinvest Shares","XLV","SELECT SECTOR HEALTH CARE SPDR ETF","0.2978","$133.55","","-$39.77"
"06/25/2025","Reinvest Dividend","XLP","SPDR FUND CONSUMER STAPLES ETF","","","","$71.38"
"06/25/2025","Reinvest Dividend","XLB","SPDR FUND MATERIALS SELECT SECTR ETF","","","","$9.96"
"06/25/2025","Reinvest Dividend","XLU","SELECT SECTOR UTI SELECTSPDR ETF","","","","$11.69"
"06/25/2025","Reinvest Dividend","XLE","ENERGY SELECT SECTOR SPDR ETF","","","","$9.48"
"06/25/2025","Reinvest Dividend","XLC","COMMUNICAT SVS SLCT SEC SPDR ETF","","","","$13.89"
"06/25/2025","Reinvest Dividend","XLV","SELECT SECTOR HEALTH CARE SPDR ETF","","","","$39.77"
"06/20/2025","Reinvest Shares","WM","WASTE MGMT INC DEL","0.1203","$234.3384","","-$28.20"
"06/20/2025","Reinvest Shares","IYJ","ISHARES US INDUSTRIALS ETF","0.0239","$137.1276","","-$3.28"
"06/20/2025","Reinvest Shares","IYG","ISHARES US FINANCIAL SERETF","0.1884","$81.685","","-$15.39"
"06/20/2025","Reinvest Dividend","IYJ","ISHARES US INDUSTRIALS ETF","","","","$3.28"
"06/20/2025","Reinvest Dividend","IYG","ISHARES US FINANCIAL SERETF","","","","$15.39"
"06/20/2025","Qual Div Reinvest","WM","WASTE MGMT INC DEL","","","","$28.20"
"06/18/2025","Reinvest Shares","HD","HOME DEPOT INC","0.0502","$349.5124","","-$17.54"
"06/18/2025","Reinvest Shares","ADI","ANALOG DEVICES INC","0.0611","$231.8515","","-$14.16"
"06/18/2025","Qual Div Reinvest","HD","HOME DEPOT INC","","","","$17.54"
"06/18/2025","Qual Div Reinvest","ADI","ANALOG DEVICES INC","","","","$14.16"
"06/16/2025","Reinvest Shares","GOOGL","ALPHABET INC CLASS A","0.0407","$176.0212","","-$7.17"
"06/16/2025","Reinvest Shares","NEE","NEXTERA ENERGY INC","0.2363","$74.7918","","-$17.67"
"06/16/2025","Qual Div Reinvest","GOOGL","ALPHABET INC CLASS A","","","","$7.17"
"06/16/2025","Qual Div Reinvest","NEE","NEXTERA ENERGY INC","","","","$17.67"
"06/16/2025 as of 06/15/2025","Bank Interest","","BANK INT ...525 SCHWAB BANK","","","","$0.40"
"06/12/2025","Reinvest Shares","MSFT","MICROSOFT CORP","0.0305","$476.3725","","-$14.53"
"06/12/2025","Qualified Dividend","TMUS","T-MOBILE US INC","","","","$3.52"
"06/12/2025","Qual Div Reinvest","MSFT","MICROSOFT CORP","","","","$14.53"
"06/10/2025","Reinvest Shares","LLY","ELI LILLY AND CO","0.0057","$793.2781","","-$4.50"
"06/10/2025","Reinvest Shares","XOM","EXXON MOBIL CORP","0.1543","$107.2263","","-$16.54"
"06/10/2025","Qual Div Reinvest","LLY","ELI LILLY AND CO","","","","$4.50"
"06/10/2025","Qual Div Reinvest","XOM","EXXON MOBIL CORP","","","","$16.54"
"06/06/2025","Reinvest Shares","VMC","VULCAN MATLS CO","0.0056","$266.345","","-$1.48"
"06/06/2025","Qual Div Reinvest","VMC","VULCAN MATLS CO","","","","$1.48"
"06/05/2025","Reinvest Shares","COF","CAPITAL ONE FINL CORP","0.0319","$192.9562","","-$6.15"
"06/05/2025","Reinvest Shares","BILS","SPDR BLOOMBERG 3-12 MONTH T-BILL ETF","0.4947","$99.1599","","-$49.05"
"06/05/2025","Reinvest Dividend","BILS","SPDR BLOOMBERG 3-12 MONTH T-BILL ETF","","","","$49.05"
"06/05/2025","Qual Div Reinvest","COF","CAPITAL ONE FINL CORP","","","","$6.15"
"06/04/2025","Reinvest Shares","VGLT","VANGUARD LONG-TERM TREASINDEX FD ETF SHS","0.1383","$54.7299","","-$7.57"
"06/04/2025","Reinvest Dividend","VGLT","VANGUARD LONG-TERM TREASINDEX FD ETF SHS","","","","$7.57"
"05/20/2025","Reinvest Shares","ET","ENERGY TRANSFER L P LP","1.5987","$18.1084","","-$28.95"
"05/20/2025","Reinvest Dividend","ET","ENERGY TRANSFER L P LP","","","","$28.95"
"05/19/2025","Buy","GD","GENERAL DYNAMICS CORP","4","$281.705","","-$1126.82"
"05/19/2025","Buy","WMT","WALMART INC","25","$97.023","","-$2425.58"
"05/19/2025","Buy","MSFT","MICROSOFT CORP","5","$456.355","","-$2281.78"
"05/19/2025","Sell","VGT","VANGUARD INFORMATION TECHNOLOGY ETF","2","$610.99","","$1221.98"
"05/19/2025","Sell","ORCL","ORACLE CORP","19.4207","$160.3912","","$3114.91"
"05/19/2025","Sell","MCD","MCDONALDS CORP","21.4205","$318.6102","","$6824.79"
"05/19/2025","Sell","SPOT","SPOTIFY TECHNOLOGY S A F","5","$663.0105","","$3315.05"
"05/19/2025","Sell","IYG","ISHARES US FINANCIAL SERETF","18","$83.1801","","$1497.24"
"05/16/2025 as of 05/15/2025","Bank Interest","","BANK INT ...525 SCHWAB BANK","","","","$0.03"
"05/15/2025","Reinvest Shares","ABBV","ABBVIE INC","0.1787","$177.8629","","-$31.79"
"05/15/2025","Reinvest Shares","AAPL","APPLE INC","0.0124","$211.0489","","-$2.62"
"05/15/2025","Qual Div Reinvest","ABBV","ABBVIE INC","","","","$31.79"
"05/15/2025","Qual Div Reinvest","AAPL","APPLE INC","","","","$2.62"
"05/06/2025","Reinvest Shares","BILS","SPDR BLOOMBERG 3-12 MONTH T-BILL ETF","0.4791","$99.1799","","-$47.52"
"05/06/2025","Reinvest Dividend","BILS","SPDR BLOOMBERG 3-12 MONTH T-BILL ETF","","","","$47.52"
"05/05/2025","Reinvest Shares","VGLT","VANGUARD LONG-TERM TREASINDEX FD ETF SHS","0.1313","$55.3753","","-$7.27"
"05/05/2025","Reinvest Dividend","VGLT","VANGUARD LONG-TERM TREASINDEX FD ETF SHS","","","","$7.27"
"04/23/2025","Reinvest Shares","ORCL","ORACLE CORP","0.0718","$134.7011","","-$9.67"
"04/23/2025","Qual Div Reinvest","ORCL","ORACLE CORP","","","","$9.67"
"04/16/2025 as of 04/15/2025","Bank Interest","","BANK INT ...525 SCHWAB BANK","","","","$0.03"
"04/11/2025","Reinvest Shares","PGR","PROGRESSIVE CORP OH","0.0015","$270.4374","","-$0.40"
"04/11/2025","Qual Div Reinvest","PGR","PROGRESSIVE CORP OH","","","","$0.40"
"04/10/2025","Foreign Tax Paid","TSM","TAIWAN SEMICONDUCTOR M FSPONSORED ADR 1 ADR REPS 5 ORD SHS","","","","-$5.69"
"04/10/2025","Qualified Dividend","TSM","TAIWAN SEMICONDUCTOR M FSPONSORED ADR 1 ADR REPS 5 ORD SHS","","","","$27.11"
"04/04/2025","Reinvest Shares","BILS","SPDR BLOOMBERG 3-12 MONTH T-BILL ETF","0.4983","$99.2588","","-$49.46"
"04/04/2025","Reinvest Dividend","BILS","SPDR BLOOMBERG 3-12 MONTH T-BILL ETF","","","","$49.46"
"04/03/2025","Reinvest Shares","VGLT","VAG LONG-TERM TREASURY ETF","0.1282","$58.6686","","-$7.52"
"04/03/2025","Reinvest Dividend","VGLT","VAG LONG-TERM TREASURY ETF","","","","$7.52"
"03/31/2025","Reinvest Shares","GRMN","GARMIN LTD F","0.0249","$213.9699","","-$5.32"
"03/31/2025","Reinvest Shares","DLR","DIGITAL RLTY TR INC REIT","0.1549","$139.7999","","-$21.65"
"03/31/2025","Non-Qualified Div","DLR","DIGITAL RLTY TR INC REIT","","","","$21.65"
"03/28/2025","Special Qual Div","INSW","INTERNTNL SEAWAYS INC F","","","","$8.70"
"03/28/2025","Qualified Dividend","INSW","INTERNTNL SEAWAYS INC F","","","","$1.80"
"03/28/2025","Qual Div Reinvest","GRMN","GARMIN LTD F","","","","$5.32"
"03/28/2025","Reinvest Shares","WM","WASTE MGMT INC DEL","0.1223","$229.6259","","-$28.09"
"03/28/2025","Reinvest Shares","RSPN","INVSC SP ...500 EQUAL WGHT INDSTRL ETF","0.1147","$49.2699","","-$5.65"
"03/28/2025","Reinvest Shares","PSCT","INVSC S&P SMALL TECH PORT ETF","0.0024","$41.236","","-$0.10"
"03/28/2025","Reinvest Shares","TROW","PRICE T ROWE GROUP INC","0.6456","$93.3832","","-$60.29"
"03/28/2025","Qual Div Reinvest","WM","WASTE MGMT INC DEL","","","","$28.09"
"03/28/2025","Reinvest Dividend","RSPN","INVSC SP ...500 EQUAL WGHT INDSTRL ETF","","","","$5.65"
"03/28/2025","Qual Div Reinvest","TROW","PRICE T ROWE GROUP INC","","","","$60.29"
"03/28/2025","Reinvest Dividend","PSCT","INVSC S&P SMALL TECH PORT ETF","","","","$0.10"
"03/27/2025","Reinvest Shares","HD","HOME DEPOT INC","0.0479","$364.144","","-$17.43"
"03/27/2025","Reinvest Shares","VGT","VANGUARD INFORMATION TECHNOLOGY ETF","0.0287","$559.32","","-$16.03"
"03/27/2025","Qual Div Reinvest","HD","HOME DEPOT INC","","","","$17.43"
"03/27/2025","Reinvest Dividend","VGT","VANGUARD INFORMATION TECHNOLOGY ETF","","","","$16.03"
"03/26/2025","Reinvest Shares","XLP","SPDR FUND CONSUMER STAPLES ETF","0.6765","$79.48","","-$53.77"
"03/26/2025","Reinvest Shares","XLB","SPDR FUND MATERIALS SELECT SECTR ETF","0.1064","$86.44","","-$9.20"
"03/26/2025","Reinvest Dividend","XLB","SPDR FUND MATERIALS SELECT SECTR ETF","","","","$9.20"
"03/26/2025","Reinvest Shares","XLE","ENERGY SELECT SECTOR SPDR ETF","0.0993","$94.5395","","-$9.39"
"03/26/2025","Reinvest Shares","XLU","SELECT SECTOR UTI SELECTSPDR ETF","0.1495","$77.3099","","-$11.56"
"03/26/2025","Reinvest Shares","XLC","COMMUNICAT SVS SLCT SEC SPDR ETF","0.1606","$99.7892","","-$16.03"
"03/26/2025","Reinvest Shares","XLV","SELECT SECTOR HEALTH CARE SPDR ETF","0.2436","$145.66","","-$35.48"
"03/26/2025","Reinvest Dividend","XLP","SPDR FUND CONSUMER STAPLES ETF","","","","$53.77"
"03/26/2025","Reinvest Dividend","XLU","SELECT SECTOR UTI SELECTSPDR ETF","","","","$11.56"
"03/26/2025","Reinvest Dividend","XLE","ENERGY SELECT SECTOR SPDR ETF","","","","$9.39"
"03/26/2025","Reinvest Dividend","XLC","COMMUNICAT SVS SLCT SEC SPDR ETF","","","","$16.03"
"03/26/2025","Reinvest Dividend","XLV","SELECT SECTOR HEALTH CARE SPDR ETF","","","","$35.48"
"03/24/2025","Reinvest Shares","VMC","VULCAN MATLS CO","0.0062","$238.27","","-$1.48"
"03/24/2025","Qual Div Reinvest","VMC","VULCAN MATLS CO","","","","$1.48"
"03/21/2025","Reinvest Shares","IYG","ISHARES US FINANCIAL SERETF","0.2418","$77.9047","","-$18.84"
"03/21/2025","Reinvest Shares","IYJ","ISHARES US INDUSTRIALS ETF","0.0265","$129.6759","","-$3.43"
"03/21/2025","Reinvest Dividend","IYJ","ISHARES US INDUSTRIALS ETF","","","","$3.43"
"03/21/2025","Reinvest Dividend","IYG","ISHARES US FINANCIAL SERETF","","","","$18.84"
"03/17/2025","Reinvest Shares","NEE","NEXTERA ENERGY INC","0.2437","$71.9273","","-$17.53"
"03/17/2025","Reinvest Shares","MCD","MCDONALDS CORP","0.1249","$301.7948","","-$37.69"
"03/17/2025","Reinvest Shares","GOOGL","ALPHABET INC CLASS A","0.0412","$165.4073","","-$6.82"
"03/17/2025","Reinvest Shares","ADI","ANALOG DEVICES INC","0.0674","$209.173","","-$14.10"
"03/17/2025","Qual Div Reinvest","MCD","MCDONALDS CORP","","","","$37.69"
"03/17/2025","Qual Div Reinvest","ADI","ANALOG DEVICES INC","","","","$14.10"
"03/17/2025","Qual Div Reinvest","NEE","NEXTERA ENERGY INC","","","","$17.53"
"03/17/2025","Qual Div Reinvest","GOOGL","ALPHABET INC CLASS A","","","","$6.82"
"03/17/2025 as of 03/15/2025","Bank Interest","","BANK INT ...525 SCHWAB BANK","","","","$0.02"
"03/13/2025","Reinvest Shares","MSFT","MICROSOFT CORP","0.0379","$382.5789","","-$14.50"
"03/13/2025","Qualified Dividend","TMUS","T-MOBILE US INC","","","","$3.52"
"03/13/2025","Qual Div Reinvest","MSFT","MICROSOFT CORP","","","","$14.50"
"03/10/2025","Reinvest Shares","XOM","EXXON MOBIL CORP","0.1468","$111.6347","","-$16.39"
"03/10/2025","Qual Div Reinvest","XOM","EXXON MOBIL CORP","","","","$16.39"
"03/06/2025","Reinvest Shares","BILS","SPDR BLOOMBERG 3 12 MTH T BLL ETF","0.4547","$99.2183","","-$45.11"
"03/06/2025","Reinvest Dividend","BILS","SPDR BLOOMBERG 3 12 MTH T BLL ETF","","","","$45.11"
"03/05/2025","Reinvest Shares","VGLT","VANGUARD LONG TERM TREASURY ETF","0.1174","$57.66","","-$6.77"
"03/05/2025","Reinvest Dividend","VGLT","VANGUARD LONG TERM TREASURY ETF","","","","$6.77"
"03/03/2025","Reinvest Shares","COF","CAPITAL ONE FINL CORP","0.0307","$199.744","","-$6.13"
"03/03/2025","Qual Div Reinvest","COF","CAPITAL ONE FINL CORP","","","","$6.13"
"02/28/2025","Buy","LLY","ELI LILLY AND CO","3","$897.7346","","-$2693.20"
"02/28/2025","Sell","O","REALTY INCOME CORP REIT","27.2382","$56.7493","$0.04","$1545.71"
"02/28/2025","Sell","CELH","CELSIUS HLDGS INC","8","$25.89","$0.01","$207.11"
"02/28/2025","Sell","BUD","ANHEUSER BUSCH INBEV S FSPONSORED ADR 1 ADR REPS 1 ORD SHS","6","$59.96","$0.01","$359.75"
"02/28/2025","Sell","SOUN","SOUNDHOUND AI INC CLASS A","50","$10.40","$0.02","$519.98"
"02/19/2025","Reinvest Shares","ET","ENERGY TRANSFER L P LP","1.3943","$20.2826","","-$28.28"
"02/19/2025","Reinvest Dividend","ET","ENERGY TRANSFER L P LP","","","","$28.28"
"02/18/2025 as of 02/15/2025","Bank Interest","","BANK INT ...525 SCHWAB BANK","","","","$0.05"
"02/14/2025","Reinvest Shares","O","REALTY INCOME CORP REIT","0.1298","$55.1591","","-$7.16"
"02/14/2025","Reinvest Shares","ABBV","ABBVIE INC","0.1621","$194.4833","","-$31.53"
"02/14/2025","Qual Div Reinvest","ABBV","ABBVIE INC","","","","$31.53"
"02/14/2025","Non-Qualified Div","O","REALTY INCOME CORP REIT","","","","$7.16"
"02/13/2025","Reinvest Shares","AAPL","APPLE INC","0.0106","$238.3965","","-$2.52"
"02/13/2025","Qual Div Reinvest","AAPL","APPLE INC","","","","$2.52"
"02/06/2025","Reinvest Shares","BILS","SPDR BLOOMBERG 3 12 MTH T BLL ETF","0.514","$99.1989","","-$50.99"
"02/06/2025","Reinvest Dividend","BILS","SPDR BLOOMBERG 3 12 MTH T BLL ETF","","","","$50.99"
"02/05/2025","Reinvest Shares","VGLT","VANGUARD LONG TERM TREASURY ETF","0.1297","$56.76","","-$7.36"
"02/05/2025","Reinvest Dividend","VGLT","VANGUARD LONG TERM TREASURY ETF","","","","$7.36"
"02/04/2025","Buy","PLTR","PALANTIR TECHNOLOGIES INCLASS A","36","$103.3728","","-$3721.42"
"02/04/2025","Sell","XLC","COMMUNICAT SVS SLCT SEC SPDR ETF IV","29","$103.5136","$0.08","$3001.81"
"01/23/2025","Reinvest Shares","ORCL","ORACLE CORP","0.0417","$185.3492","","-$7.72"
"01/23/2025","Qual Div Reinvest","ORCL","ORACLE CORP","","","","$7.72"
"01/17/2025","Reinvest Shares","DLR","DIGITAL RLTY TR INC REIT","0.1188","$180.9732","","-$21.50"
"01/17/2025","Pr Yr Non Qual Div","DLR","DIGITAL RLTY TR INC REIT","","","","$21.50"
"01/16/2025","Reinvest Shares","PGR","PROGRESSIVE CORP OH","0.0016","$245.31","","-$0.40"
"01/16/2025","Special Qual Div","PGR","PROGRESSIVE CORP OH","","","","$18.00"
"01/16/2025","Qual Div Reinvest","PGR","PROGRESSIVE CORP OH","","","","$0.40"
"01/16/2025 as of 01/15/2025","Bank Interest","","BANK INT ...525 SCHWAB BANK","","","","$0.06"
"01/15/2025","Reinvest Shares","O","REALTY INCOME CORP REIT","0.1325","$53.7168","","-$7.12"
"01/15/2025","Non-Qualified Div","O","REALTY INCOME CORP REIT","","","","$7.12"
"01/09/2025","Foreign Tax Paid","TSM","TAIWAN SEMICONDUCTOR M FSPONSORED ADR 1 ADR REPS 5 ORD SHS","","","","-$5.11"
"01/09/2025","Qualified Dividend","TSM","TAIWAN SEMICONDUCTOR M FSPONSORED ADR 1 ADR REPS 5 ORD SHS","","","","$24.32"
"12/30/2024","Reinvest Shares","GRMN","GARMIN LTD F","0.0257","$206.3052","","-$5.30"
"12/27/2024","Qualified Dividend","INSW","INTERNTNL SEAWAYS INC F","","","","$1.80"
"12/27/2024","Special Qual Div","INSW","INTERNTNL SEAWAYS INC F","","","","$16.20"
"12/27/2024","Qual Div Reinvest","GRMN","GARMIN LTD F","","","","$5.30"
"12/27/2024","Reinvest Shares","TROW","PRICE T ROWE GROUP INC","0.4962","$117.3839","","-$58.25"
"12/27/2024","Reinvest Shares","VGLT","VANGUARD LONG TERM TREASURY ETF","0.133","$55.3499","","-$7.36"
"12/27/2024","Reinvest Shares","RSPN","INVSC SP ...500 EQUAL WGHT INDSTRL ETF","0.1573","$51.1899","","-$8.05"
"12/27/2024","Qual Div Reinvest","TROW","PRICE T ROWE GROUP INC","","","","$58.25"
"12/27/2024","Reinvest Dividend","VGLT","VANGUARD LONG TERM TREASURY ETF","","","","$7.36"
"12/27/2024","Reinvest Dividend","RSPN","INVSC SP ...500 EQUAL WGHT INDSTRL ETF","","","","$8.05"
"12/26/2024","Reinvest Shares","XLU","SELECT SECTOR UTI SELECTSPDR ETF","0.1701","$76.24","","-$12.97"
"12/26/2024","Reinvest Shares","XLE","ENERGY SELECT SECTOR SPDR ETF","0.1076","$84.5897","","-$9.10"
"12/26/2024","Reinvest Shares","XLV","SELECT SECTOR HEALTH CARE SPDR ETF","0.2791","$139.34","","-$38.89"
"12/26/2024","Reinvest Shares","XLP","SPDR FUND CONSUMER STAPLES ETF","0.9668","$79.50","","-$76.86"
"12/26/2024","Reinvest Shares","XLC","COMMUNICAT SVS SLCT SEC SPDR ETF IV","0.2175","$98.7957","","-$21.49"
"12/26/2024","Reinvest Shares","XLB","SPDR FUND MATERIALS SELECT SECTR ETF","0.117","$85.4581","","-$10.00"
"12/26/2024","Reinvest Dividend","XLV","SELECT SECTOR HEALTH CARE SPDR ETF","","","","$38.89"
"12/26/2024","Reinvest Dividend","XLP","SPDR FUND CONSUMER STAPLES ETF","","","","$76.86"
"12/26/2024","Reinvest Dividend","XLB","SPDR FUND MATERIALS SELECT SECTR ETF","","","","$10.00"
"12/26/2024","Reinvest Dividend","XLU","SELECT SECTOR UTI SELECTSPDR ETF","","","","$12.97"
"12/26/2024","Reinvest Dividend","XLC","COMMUNICAT SVS SLCT SEC SPDR ETF IV","","","","$21.49"
"12/26/2024","Reinvest Dividend","XLE","ENERGY SELECT SECTOR SPDR ETF","","","","$9.10"
"12/24/2024","Reinvest Shares","BILS","SPDR BLOOMBERG 3 12 MTH T BLL ETF","0.5171","$99.0792","","-$51.23"
"12/24/2024","Reinvest Dividend","BILS","SPDR BLOOMBERG 3 12 MTH T BLL ETF","","","","$51.23"
"12/20/2024","Reinvest Shares","VGT","VANGUARD INFORMATION TECHNOLO ETF IV","0.0272","$626.74","","-$17.05"
"12/20/2024","Reinvest Shares","WM","WASTE MGMT INC DEL","0.1236","$205.8296","","-$25.45"
"12/20/2024","Reinvest Shares","IYJ","ISHARES US INDUSTRIALS ETF","0.0344","$133.5799","","-$4.59"
"12/20/2024","Reinvest Shares","IYG","ISHARES US FINANCIAL SERETF","0.292","$76.9299","","-$22.46"
"12/20/2024","Reinvest Shares","ADI","ANALOG DEVICES INC","0.0624","$208.9923","","-$13.04"
"12/20/2024","Qual Div Reinvest","WM","WASTE MGMT INC DEL","","","","$25.45"
"12/20/2024","Reinvest Dividend","VGT","VANGUARD INFORMATION TECHNOLO ETF IV","","","","$17.05"
"12/20/2024","Reinvest Dividend","IYJ","ISHARES US INDUSTRIALS ETF","","","","$4.59"
"12/20/2024","Reinvest Dividend","IYG","ISHARES US FINANCIAL SERETF","","","","$22.46"
"12/20/2024","Qual Div Reinvest","ADI","ANALOG DEVICES INC","","","","$13.04"
"12/16/2024","Reinvest Shares","NEE","NEXTERA ENERGY INC","0.2145","$73.7863","","-$15.83"
"12/16/2024","Reinvest Shares","MCD","MCDONALDS CORP","0.1243","$301.4938","","-$37.47"
"12/16/2024","Reinvest Shares","GOOGL","ALPHABET INC CLASS A","0.0351","$194.3557","","-$6.82"
"12/16/2024","Qual Div Reinvest","GOOGL","ALPHABET INC CLASS A","","","","$6.82"
"12/16/2024","Qual Div Reinvest","NEE","NEXTERA ENERGY INC","","","","$15.83"
"12/16/2024","Qual Div Reinvest","MCD","MCDONALDS CORP","","","","$37.47"
"12/16/2024 as of 12/15/2024","Bank Interest","","BANK INT ...524 SCHWAB BANK","","","","$0.11"
"12/16/2024 as of 12/13/2024","Stock Split","PANW","PALO ALTO NETWORKS INC","11","$196.56","",""
"12/13/2024","Reinvest Shares","O","REALTY INCOME CORP REIT","0.1287","$54.9137","","-$7.07"
"12/13/2024","Non-Qualified Div","O","REALTY INCOME CORP REIT","","","","$7.07"
"12/12/2024","Reinvest Shares","HD","HOME DEPOT INC","0.0409","$414.8462","","-$16.96"
"12/12/2024","Reinvest Shares","MSFT","MICROSOFT CORP","0.0319","$454.35","","-$14.48"
"12/12/2024","Qual Div Reinvest","HD","HOME DEPOT INC","","","","$16.96"
"12/12/2024","Qualified Dividend","TMUS","T-MOBILE US INC","","","","$3.52"
"12/12/2024","Qual Div Reinvest","MSFT","MICROSOFT CORP","","","","$14.48"
"12/10/2024","Reinvest Shares","XOM","EXXON MOBIL CORP","0.1434","$113.3124","","-$16.25"
"12/10/2024","Qual Div Reinvest","XOM","EXXON MOBIL CORP","","","","$16.25"
"12/05/2024","Reinvest Shares","BILS","SPDR BLOOMBERG 3 12 MTH T BLL ETF","0.512","$99.1899","","-$50.79"
"12/05/2024","Reinvest Dividend","BILS","SPDR BLOOMBERG 3 12 MTH T BLL ETF","","","","$50.79"
"12/04/2024","Reinvest Shares","VGLT","VANGUARD LONG TERM TREASURY ETF","0.1308","$58.9599","","-$7.71"
"12/04/2024","Reinvest Dividend","VGLT","VANGUARD LONG TERM TREASURY ETF","","","","$7.71"
"11/27/2024","Reinvest Shares","VMC","VULCAN MATLS CO","0.0048","$289.6899","","-$1.39"
"11/27/2024","Qual Div Reinvest","VMC","VULCAN MATLS CO","","","","$1.39"
"11/22/2024","Reinvest Shares","COF","CAPITAL ONE FINL CORP","0.0328","$186.2099","","-$6.11"
"11/22/2024","Qual Div Reinvest","COF","CAPITAL ONE FINL CORP","","","","$6.11"
"11/18/2024 as of 11/15/2024","Bank Interest","","BANK INT ...524 SCHWAB BANK","","","","$0.21"
"11/15/2024","Reinvest Shares","O","REALTY INCOME CORP REIT","0.1251","$56.2904","","-$7.04"
"11/15/2024","Reinvest Shares","ABBV","ABBVIE INC","0.1774","$166.4089","","-$29.52"
"11/15/2024","Qual Div Reinvest","ABBV","ABBVIE INC","","","","$29.52"
"11/15/2024","Non-Qualified Div","O","REALTY INCOME CORP REIT","","","","$7.04"
"11/14/2024","Reinvest Shares","AAPL","APPLE INC","0.0111","$226.2704","","-$2.51"
"11/14/2024","Qual Div Reinvest","AAPL","APPLE INC","","","","$2.51"
"11/11/2024","Buy","PGR","PROGRESSIVE CORP OH","4","$261.40","","-$1045.60"
"11/11/2024","Buy","ET","ENERGY TRANSFER L P LP","87","$17.2697","","-$1502.46"
"11/11/2024","Buy","SPOT","SPOTIFY TECHNOLOGY S A F","5","$411.60","","-$2058.00"
"11/11/2024","Buy","TMUS","T-MOBILE US INC","4","$238.64","","-$954.56"
"11/11/2024","Sell","DAR","DARLING INGREDIENTS INC","111","$42.7557","$0.15","$4745.73"
"11/11/2024","Sell","INTC","INTEL CORP","28.4464","$25.0851","$0.02","$713.56"
"11/06/2024","Reinvest Shares","BILS","SPDR BLOOMBERG 3 12 MTH T BLL ETF","0.5498","$99.1893","","-$54.53"
"11/06/2024","Reinvest Dividend","BILS","SPDR BLOOMBERG 3 12 MTH T BLL ETF","","","","$54.53"
"11/05/2024","Reinvest Shares","VGLT","VANGUARD LONG TERM TREASURY ETF","0.1296","$57.6999","","-$7.48"
"11/05/2024","Reinvest Dividend","VGLT","VANGUARD LONG TERM TREASURY ETF","","","","$7.48"
"10/24/2024","Reinvest Shares","ORCL","ORACLE CORP","0.0442","$174.5202","","-$7.71"
"10/24/2024","Qual Div Reinvest","ORCL","ORACLE CORP","","","","$7.71"
"10/16/2024 as of 10/15/2024","Bank Interest","","BANK INT ...524 SCHWAB BANK","","","","$0.17"
"10/15/2024","Reinvest Shares","O","REALTY INCOME CORP REIT","0.1106","$63.3776","","-$7.01"
"10/15/2024","Non-Qualified Div","O","REALTY INCOME CORP REIT","","","","$7.01"
"10/10/2024","Buy","TSM","TAIWAN SEMICONDUCTOR M FSPONSORED ADR 1 ADR REPS 5 ORD SHS","40","$186.635","","-$7465.40"
"10/10/2024","Sell","PSCT","INVSC S&P SMALL TECH PORT ETF","19","$47.205","$0.02","$896.88"
"10/10/2024","Sell","IGV","ISHARES EXPANDED TECH STW SCTR ETF","19","$92.0201","$0.05","$1748.33"
"10/10/2024","Sell","VGT","VANGUARD INFORMATION TECHNOLOGY ETF","9","$597.335","$0.15","$5375.87"
"10/04/2024","Reinvest Shares","BILS","SPDR BLOOMBERG 3 12 MTH T BLL ETF","0.5647","$99.2392","","-$56.04"
"10/04/2024","Reinvest Dividend","BILS","SPDR BLOOMBERG 3 12 MTH T BLL ETF","","","","$56.04"
"10/03/2024","Reinvest Shares","VGLT","VANGUARD LONG TERM TREASURY ETF","0.1135","$60.9699","","-$6.92"
"10/03/2024","Reinvest Dividend","VGLT","VANGUARD LONG TERM TREASURY ETF","","","","$6.92"
"10/01/2024","Reinvest Shares","VGT","VANGUARD INFORMATION TECHNOLOGY ETF","0.0495","$572.66","","-$28.34"
"10/01/2024","Reinvest Dividend","VGT","VANGUARD INFORMATION TECHNOLOGY ETF","","","","$28.34"
"09/30/2024","Reinvest Shares","DLR","DIGITAL RLTY TR INC REIT","0.1328","$160.657","","-$21.34"
"09/30/2024","Reinvest Shares","IYJ","ISHARES US INDUSTRIALS ETF","0.0281","$133.0399","","-$3.74"
"09/30/2024","Reinvest Shares","IYG","ISHARES US FINANCIAL SERETF","0.2986","$70.3999","","-$21.02"
"09/30/2024","Reinvest Dividend","IYJ","ISHARES US INDUSTRIALS ETF","","","","$3.74"
"09/30/2024","Reinvest Dividend","IYG","ISHARES US FINANCIAL SERETF","","","","$21.02"
"09/30/2024","Non-Qualified Div","DLR","DIGITAL RLTY TR INC REIT","","","","$21.34"
"09/27/2024","Reinvest Shares","GRMN","GARMIN LTD F","0.03","$175.449","","-$5.27"
"09/27/2024","Reinvest Shares","WM","WASTE MGMT INC DEL","0.1227","$206.6901","","-$25.36"
"09/27/2024","Reinvest Shares","RSPN","INVSC SP ...500 EQUAL WGHT INDSTRL ETF","0.1142","$51.0699","","-$5.83"
"09/27/2024","Reinvest Shares","TROW","PRICE T ROWE GROUP INC","0.5244","$109.8421","","-$57.60"
"09/27/2024","Qual Div Reinvest","GRMN","GARMIN LTD F","","","","$5.27"
"09/27/2024","Qual Div Reinvest","WM","WASTE MGMT INC DEL","","","","$25.36"
"09/27/2024","Reinvest Dividend","RSPN","INVSC SP ...500 EQUAL WGHT INDSTRL ETF","","","","$5.83"
"09/27/2024","Qual Div Reinvest","TROW","PRICE T ROWE GROUP INC","","","","$57.60"
"09/25/2024","Reinvest Shares","XLP","SPDR FUND CONSUMER STAPLES ETF","0.6735","$82.73","","-$55.72"
"09/25/2024","Reinvest Shares","XLB","SPDR FUND MATERIALS SELECT SECTR ETF","0.0981","$95.6399","","-$9.38"
"09/25/2024","Reinvest Shares","XLE","ENERGY SELECT SECTOR SPDR ETF","0.1064","$88.14","","-$9.38"
"09/25/2024","Qualified Dividend","INSW","INTERNTNL SEAWAYS INC F","","","","$1.80"
"09/25/2024","Special Qual Div","INSW","INTERNTNL SEAWAYS INC F","","","","$20.70"
"09/25/2024","Reinvest Shares","XLC","COMMUNICAT SVS SLCT SEC SPDR ETF","0.2531","$89.5699","","-$22.67"
"09/25/2024","Reinvest Shares","XLU","SELECT SECTOR UTI SELECTSPDR ETF","0.1388","$79.78","","-$11.07"
"09/25/2024","Reinvest Shares","XLV","SELECT SECTOR HEALTH CARE SPDR ETF","0.2347","$153.32","","-$35.98"
"09/25/2024","Reinvest Dividend","XLB","SPDR FUND MATERIALS SELECT SECTR ETF","","","","$9.38"
"09/25/2024","Reinvest Dividend","XLE","ENERGY SELECT SECTOR SPDR ETF","","","","$9.38"
"09/25/2024","Reinvest Dividend","XLU","SELECT SECTOR UTI SELECTSPDR ETF","","","","$11.07"
"09/25/2024","Reinvest Dividend","XLC","COMMUNICAT SVS SLCT SEC SPDR ETF","","","","$22.67"
"09/25/2024","Reinvest Dividend","XLV","SELECT SECTOR HEALTH CARE SPDR ETF","","","","$35.98"
"09/25/2024","Reinvest Dividend","XLP","SPDR FUND CONSUMER STAPLES ETF","","","","$55.72"
"09/17/2024","Reinvest Shares","MCD","MCDONALDS CORP","0.1193","$294.7234","","-$35.16"
"09/17/2024","Reinvest Shares","ADI","ANALOG DEVICES INC","0.0574","$226.3541","","-$12.99"
"09/17/2024","Qual Div Reinvest","MCD","MCDONALDS CORP","","","","$35.16"
"09/17/2024","Qual Div Reinvest","ADI","ANALOG DEVICES INC","","","","$12.99"
"09/16/2024","Reinvest Shares","GOOGL","ALPHABET INC CLASS A","0.0432","$157.7023","","-$6.81"
"09/16/2024","Reinvest Shares","NEE","NEXTERA ENERGY INC","0.1846","$85.2193","","-$15.73"
"09/16/2024","Qual Div Reinvest","GOOGL","ALPHABET INC CLASS A","","","","$6.81"
"09/16/2024","Qual Div Reinvest","NEE","NEXTERA ENERGY INC","","","","$15.73"
"09/16/2024 as of 09/15/2024","Bank Interest","","BANK INT ...524 SCHWAB BANK","","","","$0.32"
"09/13/2024","Reinvest Shares","O","REALTY INCOME CORP REIT","0.1117","$62.398","","-$6.97"
"09/13/2024","Non-Qualified Div","O","REALTY INCOME CORP REIT","","","","$6.97"
"09/12/2024","Reinvest Shares","MSFT","MICROSOFT CORP","0.031","$421.5414","","-$13.06"
"09/12/2024","Reinvest Shares","HD","HOME DEPOT INC","0.0453","$371.8803","","-$16.86"
"09/12/2024","Qual Div Reinvest","HD","HOME DEPOT INC","","","","$16.86"
"09/12/2024","Qual Div Reinvest","MSFT","MICROSOFT CORP","","","","$13.06"
"09/10/2024","Reinvest Shares","XOM","EXXON MOBIL CORP","0.1383","$111.7513","","-$15.46"
"09/10/2024","Qual Div Reinvest","XOM","EXXON MOBIL CORP","","","","$15.46"
"09/06/2024","Reinvest Shares","BILS","SPDR BLOOMBERG 3 12 MTH T BLL ETF","0.5917","$99.2178","","-$58.71"
"09/06/2024","Reinvest Dividend","BILS","SPDR BLOOMBERG 3 12 MTH T BLL ETF","","","","$58.71"
"09/05/2024","Reinvest Shares","VGLT","VANGUARD LONG TERM TREASURY ETF","0.1151","$62.0099","","-$7.14"
"09/05/2024","Reinvest Dividend","VGLT","VANGUARD LONG TERM TREASURY ETF","","","","$7.14"
"09/04/2024","Reinvest Shares","VMC","VULCAN MATERIALS COM","0.0058","$238.052","","-$1.38"
"09/04/2024","Qual Div Reinvest","VMC","VULCAN MATERIALS COM","","","","$1.38"
"09/03/2024","Reinvest Shares","INTC","INTEL CORP","0.1685","$20.9438","","-$3.53"
"09/03/2024 as of 09/01/2024","Qual Div Reinvest","INTC","INTEL CORP","","","","$3.53"
"08/23/2024","Reinvest Shares","COF","CAPITAL ONE FC","0.0434","$140.19","","-$6.09"
"08/23/2024","Qual Div Reinvest","COF","CAPITAL ONE FC","","","","$6.09"
"08/16/2024 as of 08/15/2024","Bank Interest","","BANK INT ...524 SCHWAB BANK","","","","$0.32"
"08/15/2024","Reinvest Shares","O","REALTY INCOME CORP REIT","0.1162","$59.7396","","-$6.94"
"08/15/2024","Reinvest Shares","ABBV","ABBVIE INC","0.1526","$191.9003","","-$29.29"
"08/15/2024","Reinvest Shares","AAPL","APPLE INC","0.0112","$224.8589","","-$2.51"
"08/15/2024","Non-Qualified Div","O","REALTY INCOME CORP REIT","","","","$6.94"
"08/15/2024","Qual Div Reinvest","AAPL","APPLE INC","","","","$2.51"
"08/15/2024","Qual Div Reinvest","ABBV","ABBVIE INC","","","","$29.29"
"08/06/2024","Reinvest Shares","BILS","SPDR BLOOMBERG 3 12 MTH T BLL ETF","0.6002","$99.179","","-$59.53"
"08/06/2024","Reinvest Dividend","BILS","SPDR BLOOMBERG 3 12 MTH T BLL ETF","","","","$59.53"
"08/05/2024","Reinvest Shares","VGLT","VANGUARD LONG TERM TREASURY ETF","0.1132","$61.9896","","-$7.02"
"08/05/2024","Reinvest Dividend","VGLT","VANGUARD LONG TERM TREASURY ETF","","","","$7.02"
"07/25/2024","Reinvest Shares","ORCL","ORACLE CORP","0.0553","$138.9676","","-$7.68"
"07/25/2024","Qual Div Reinvest","ORCL","ORACLE CORP","","","","$7.68"
"07/16/2024 as of 07/15/2024","Bank Interest","","BANK INT ...524 SCHWAB BANK","","","","$0.31"
"07/15/2024","Reinvest Shares","O","REALTY INCOME CORP REIT","0.1239","$55.7806","","-$6.91"
"07/15/2024","Non-Qualified Div","O","REALTY INCOME CORP REIT","","","","$6.91"
"07/05/2024","Reinvest Shares","BILS","SPDR BLOOMBERG 3 12 MTH T BLL ETF","0.5807","$99.075","","-$57.53"
"07/05/2024","Reinvest Dividend","BILS","SPDR BLOOMBERG 3 12 MTH T BLL ETF","","","","$57.53"
"07/03/2024","Reinvest Shares","VGLT","VANGUARD LONG TERM TREASURY ETF","0.1189","$57.5193","","-$6.84"
"07/03/2024","Reinvest Dividend","VGLT","VANGUARD LONG TERM TREASURY ETF","","","","$6.84"
"07/02/2024","Reinvest Shares","VGT","VANGUARD INFORMATION TECHNOLOGY ETF","0.0405","$580.87","","-$23.53"
"07/02/2024","Reinvest Dividend","VGT","VANGUARD INFORMATION TECHNOLOGY ETF","","","","$23.53"
"07/01/2024","Reinvest Shares","GRMN","GARMIN LTD F","0.0321","$163.4089","","-$5.25"
"06/28/2024","Qual Div Reinvest","GRMN","GARMIN LTD F","","","","$5.25"
"06/28/2024","Reinvest Shares","RSPN","INVSC SP ...500 EQUAL WGHT INDSTRL ETF","0.1193","$45.7599","","-$5.46"
"06/28/2024","Reinvest Shares","PSCT","INVSC S&P SMALL TECH PORT ETF IV","0.0028","$46.9051","","-$0.13"
"06/28/2024","Reinvest Shares","DLR","DIGITAL REALTY TRUST REIT","0.1399","$151.2788","","-$21.17"
"06/28/2024","Reinvest Dividend","RSPN","INVSC SP ...500 EQUAL WGHT INDSTRL ETF","","","","$5.46"
"06/28/2024","Non-Qualified Div","DLR","DIGITAL REALTY TRUST REIT","","","","$21.17"
"06/28/2024","Reinvest Dividend","PSCT","INVSC S&P SMALL TECH PORT ETF IV","","","","$0.13"
"06/27/2024","Reinvest Shares","TROW","T ROWE PRICE GROUP","0.4896","$116.3983","","-$56.99"
"06/27/2024","Qual Div Reinvest","TROW","T ROWE PRICE GROUP","","","","$56.99"
"06/26/2024","Reinvest Shares","XLU","SELECT SECTOR UTI SELECTSPDR ETF","0.1646","$68.65","","-$11.30"
"06/26/2024","Reinvest Shares","XLE","ENERGY SELECT SECTOR SPDR ETF","0.1008","$90.6799","","-$9.14"
"06/26/2024","Special Qual Div","INSW","INTERNTNL SEAWAY F","","","","$24.45"
"06/26/2024","Qualified Dividend","INSW","INTERNTNL SEAWAY F","","","","$1.80"
"06/26/2024","Reinvest Dividend","XLU","SELECT SECTOR UTI SELECTSPDR ETF","","","","$11.30"
"06/26/2024","Reinvest Dividend","XLE","ENERGY SELECT SECTOR SPDR ETF","","","","$9.14"
"06/26/2024","Reinvest Shares","XLV","SELECT SECTOR HEALTH CARE SPDR ETF","0.2433","$146.11","","-$35.55"
"06/26/2024","Reinvest Shares","XLC","COMMUNICAT SVS SLCT SEC SPDR ETF","0.2199","$85.6698","","-$18.84"
"06/26/2024","Reinvest Shares","XLP","SPDR FUND CONSUMER STAPLES ETF","0.9492","$77.23","","-$73.31"
"06/26/2024","Reinvest Shares","XLB","SPDR FUND MATERIALS SELECT SECTR ETF","0.1075","$88.2647","","-$9.49"
"06/26/2024","Reinvest Dividend","XLV","SELECT SECTOR HEALTH CARE SPDR ETF","","","","$35.55"
"06/26/2024","Reinvest Dividend","XLC","COMMUNICAT SVS SLCT SEC SPDR ETF","","","","$18.84"
"06/26/2024","Reinvest Dividend","XLP","SPDR FUND CONSUMER STAPLES ETF","","","","$73.31"
"06/26/2024","Reinvest Dividend","XLB","SPDR FUND MATERIALS SELECT SECTR ETF","","","","$9.49"
"06/21/2024","Reinvest Shares","WM","WASTE MANAGEMENT INC","0.1209","$208.9353","","-$25.27"
"06/21/2024","Qual Div Reinvest","WM","WASTE MANAGEMENT INC","","","","$25.27"
"06/17/2024","Reinvest Shares","MCD","MCDONALDS CORP","0.1376","$253.8567","","-$34.93"
"06/17/2024","Reinvest Shares","GOOGL","ALPHABET INC. CLASS A","0.0387","$175.8261","","-$6.80"
"06/17/2024","Reinvest Shares","NEE","NEXTERA ENERGY INC","0.2136","$73.1411","","-$15.62"
"06/17/2024","Reinvest Shares","ADI","ANALOG DEVICES INC","0.0563","$229.9595","","-$12.94"
"06/17/2024","Reinvest Shares","IYJ","ISHARES US INDUSTRIALS ETF","0.0275","$118.98","","-$3.27"
"06/17/2024","Reinvest Shares","IYG","ISHARES US FINANCIAL SERETF","0.2872","$63.9188","","-$18.36"
"06/17/2024","Qual Div Reinvest","GOOGL","ALPHABET INC. CLASS A","","","","$6.80"
"06/17/2024","Qual Div Reinvest","NEE","NEXTERA ENERGY INC","","","","$15.62"
"06/17/2024","Qual Div Reinvest","MCD","MCDONALDS CORP","","","","$34.93"
"06/17/2024","Reinvest Dividend","IYJ","ISHARES US INDUSTRIALS ETF","","","","$3.27"
"06/17/2024","Reinvest Dividend","IYG","ISHARES US FINANCIAL SERETF","","","","$18.36"
"06/17/2024","Qual Div Reinvest","ADI","ANALOG DEVICES INC","","","","$12.94"
"06/17/2024 as of 06/15/2024","Bank Interest","","BANK INT ...524 SCHWAB BANK","","","","$0.31"
"06/14/2024","Reinvest Shares","O","REALTY INCOME CORP REIT","0.1287","$53.2981","","-$6.86"
"06/14/2024","Non-Qualified Div","O","REALTY INCOME CORP REIT","","","","$6.86"
"06/13/2024","Reinvest Shares","MSFT","MICROSOFT CORP","0.0295","$441.6688","","-$13.04"
"06/13/2024","Reinvest Shares","HD","HOME DEPOT INC","0.0486","$344.6243","","-$16.75"
"06/13/2024","Qual Div Reinvest","MSFT","MICROSOFT CORP","","","","$13.04"
"06/13/2024","Qual Div Reinvest","HD","HOME DEPOT INC","","","","$16.75"
"06/10/2024","Reinvest Shares","XOM","EXXON MOBIL CORP","0.1348","$113.7032","","-$15.33"
"06/10/2024","Qual Div Reinvest","XOM","EXXON MOBIL CORP","","","","$15.33"
"06/07/2024","ADR Mgmt Fee","BUD","ANHEUSER BUSCH INBEV S FSPONSORED ADR 1 ADR REPS 1 ORD SHS","","","","-$0.53"
"06/07/2024","Foreign Tax Paid","BUD","ANHEUSER BUSCH INBEV S FSPONSORED ADR 1 ADR REPS 1 ORD SHS","","","","-$1.58"
"06/07/2024","Qualified Dividend","BUD","ANHEUSER BUSCH INBEV S FSPONSORED ADR 1 ADR REPS 1 ORD SHS","","","","$5.28"
"06/07/2024","Reinvest Shares","VMC","VULCAN MATERIALS COM","0.0055","$249.12","","-$1.38"
"06/07/2024","Qual Div Reinvest","VMC","VULCAN MATERIALS COM","","","","$1.38"
"06/06/2024","Reinvest Shares","BILS","SPDR BLOOMBERG 3 12 MTH T BLL ETF","0.5912","$99.0499","","-$58.56"
"06/06/2024","Reinvest Dividend","BILS","SPDR BLOOMBERG 3 12 MTH T BLL ETF","","","","$58.56"
"06/05/2024","Reinvest Shares","VGLT","VANGUARD LONG TERM TREASURY ETF","0.1204","$58.1995","","-$7.01"
"06/05/2024","Reinvest Dividend","VGLT","VANGUARD LONG TERM TREASURY ETF","","","","$7.01"
"06/03/2024","Reinvest Shares","INTC","INTEL CORP","0.1151","$30.5773","","-$3.52"
"06/03/2024 as of 06/01/2024","Qual Div Reinvest","INTC","INTEL CORP","","","","$3.52"
"05/24/2024","Reinvest Shares","COF","CAPITAL ONE FC","0.0436","$138.8451","","-$6.06"
"05/24/2024","Qual Div Reinvest","COF","CAPITAL ONE FC","","","","$6.06"
"05/20/2024","Buy","XLV","SELECT SECTOR HEALTH CARE SPDR ETF","42","$145.99","","-$6131.58"
"05/20/2024","Sell","CDNA","CAREDX INC","403","$15.1602","$0.12","$6109.44"
"05/16/2024","Reinvest Shares","AAPL","APPLE INC","0.0132","$190.4415","","-$2.51"
"05/16/2024","Qual Div Reinvest","AAPL","APPLE INC","","","","$2.51"
"05/16/2024 as of 05/15/2024","Bank Interest","","BANK INT ...524 SCHWAB BANK","","","","$0.30"
"05/15/2024","Reinvest Shares","ABBV","ABBVIE INC","0.1778","$163.1166","","-$29.01"
"05/15/2024","Reinvest Shares","O","REALTY INCOME CORP REIT","0.121","$55.2078","","-$6.68"
"05/15/2024","Qual Div Reinvest","ABBV","ABBVIE INC","","","","$29.01"
"05/15/2024","Non-Qualified Div","O","REALTY INCOME CORP REIT","","","","$6.68"
"05/07/2024","Reinvest Shares","BILS","SPDR BLOOMBERG 3 12 MTH T BLL ETF","0.5661","$99.06","","-$56.08"
"05/07/2024","Reinvest Dividend","BILS","SPDR BLOOMBERG 3 12 MTH T BLL ETF","","","","$56.08"
"05/06/2024","Reinvest Shares","VGLT","VANGUARD LONG TERM TREASURY ETF","0.1181","$56.4699","","-$6.67"
"05/06/2024","Reinvest Dividend","VGLT","VANGUARD LONG TERM TREASURY ETF","","","","$6.67"
"04/24/2024","Reinvest Shares","ORCL","ORACLE CORP","0.0664","$115.3825","","-$7.66"
"04/24/2024","Qual Div Reinvest","ORCL","ORACLE CORP","","","","$7.66"
"04/16/2024 as of 04/15/2024","Bank Interest","","BANK INT ...524 SCHWAB BANK","","","","$0.28"
"04/15/2024","Reinvest Shares","O","REALTY INCOME CORP REIT","0.2862","$51.8483","","-$14.84"
"04/15/2024","Non-Qualified Div","O","REALTY INCOME CORP REIT","","","","$14.84"
"04/15/2024","Buy","XLV","SELECT SECTOR HEALTH CARE SPDR ETF","15","$140.30","","-$2104.50"
"04/15/2024","Buy","XLP","SPDR FUND CONSUMER STAPLES ETF","51","$73.9197","","-$3769.90"
"04/15/2024","Sell","IYG","ISHARES US FINANCIAL SERETF","15","$64.185","$0.01","$962.77"
"04/15/2024","Sell","O","REALTY INCOME CORP REIT","32","$52.18","$0.02","$1669.74"
"04/15/2024","Sell","FSLR","FIRST SOLAR INC","5","$181.37","$0.01","$906.84"
"04/15/2024","Sell","ENPH","ENPHASE ENERGY INC","10","$116.46","$0.01","$1164.59"
"04/15/2024","Sell","INSW","INTERNTNL SEAWAY F","32","$52.4575","$0.02","$1678.62"
"04/12/2024","Buy","SOFI","SOFI TECHNOLOGIES INC","100","$7.5669","","-$756.69"
"04/05/2024","Reinvest Shares","BILS","SPDR BLOOMBERG 3 12 MTH T BLL ETF","0.5814","$99.0993","","-$57.62"
"04/05/2024","Reinvest Dividend","BILS","SPDR BLOOMBERG 3 12 MTH T BLL ETF","","","","$57.62"
"04/04/2024","Reinvest Shares","VGLT","VANGUARD LONG TERM TREASURY ETF","0.119","$57.7297","","-$6.87"
"04/04/2024","Reinvest Dividend","VGLT","VANGUARD LONG TERM TREASURY ETF","","","","$6.87"
"04/02/2024","Buy","BUD","ANHEUSER BUSCH INBEV S FSPONSORED ADR 1 ADR REPS 1 ORD SHS","6","$60.65","","-$363.90"
"04/02/2024","Buy","ADBE","ADOBE INC","8","$495.4311","","-$3963.45"
"04/02/2024","Sell","HD","HOME DEPOT INC","1","$365.64","","$365.64"
"04/02/2024","Sell","VGT","VANGUARD INFORMATION TECHNOLOGY ETF","8","$516.0135","$0.03","$4128.08"
"03/28/2024","Reinvest Shares","WM","WASTE MANAGEMENT INC","0.1184","$212.656","","-$25.18"
"03/28/2024","Reinvest Shares","VGT","VANGUARD INFORMATION TECHNOLOGY ETF","0.0976","$525.56","","-$51.32"
"03/28/2024","Reinvest Shares","DLR","DIGITAL REALTY TRUST REIT","0.1466","$143.1354","","-$20.99"
"03/28/2024","Reinvest Shares","TROW","T ROWE PRICE GROUP","0.4622","$122.0644","","-$56.42"
"03/28/2024","Qualified Dividend","INSW","INTERNTNL SEAWAY F","","","","$5.64"
"03/28/2024","Special Qual Div","INSW","INTERNTNL SEAWAY F","","","","$56.40"
"03/28/2024","Qual Div Reinvest","WM","WASTE MANAGEMENT INC","","","","$25.18"
"03/28/2024","Non-Qualified Div","DLR","DIGITAL REALTY TRUST REIT","","","","$20.99"
"03/28/2024","Qual Div Reinvest","TROW","T ROWE PRICE GROUP","","","","$56.42"
"03/28/2024","Reinvest Shares","IYJ","ISHARES US INDUSTRIALS ETF","0.0239","$125.59","","-$3.00"
"03/28/2024","Reinvest Shares","IYG","ISHARES US FINANCIAL SERETF","0.3089","$65.97","","-$20.38"
"03/27/2024","Reinvest Dividend","VGT","VANGUARD INFORMATION TECHNOLOGY ETF","","","","$51.32"
"03/27/2024","Reinvest Dividend","IYJ","ISHARES US INDUSTRIALS ETF","","","","$3.00"
"03/27/2024","Reinvest Dividend","IYG","ISHARES US FINANCIAL SERETF","","","","$20.38"
"03/25/2024","Sell","SOUN","SOUNDHOUND AI INC CLASS A","100","$5.885","$0.02","$588.48"
"03/25/2024","Buy","GRMN","GARMIN LTD F","7","$147.06","","-$1029.42"
"03/25/2024","Sell","VGT","VANGUARD INFORMATION TECHNOLOGY ETF","1","$525.189","","$525.19"
"03/25/2024","Sell","VGT","VANGUARD INFORMATION TECHNOLOGY ETF","1","$525.665","","$525.67"
"03/22/2024","Reinvest Shares","RSPN","INVSC SP ...500 EQUAL WGHT INDSTRL ETF","0.1139","$47.3117","","-$5.39"
"03/22/2024","Reinvest Shares","PSCT","INVSC S&P SMALL TECH PORT ETF IV","0.0129","$45.759","","-$0.59"
"03/22/2024","Reinvest Dividend","RSPN","INVSC SP ...500 EQUAL WGHT INDSTRL ETF","","","","$5.39"
"03/22/2024","Reinvest Dividend","PSCT","INVSC S&P SMALL TECH PORT ETF IV","","","","$0.59"
"03/21/2024","Reinvest Shares","XLE","ENERGY SELECT SECTOR SPDR ETF","0.1005","$92.67","","-$9.31"
"03/21/2024","Reinvest Shares","XLV","SELECT SECTOR HEALTH CARE SPDR ETF","0.0182","$145.82","","-$2.65"
"03/21/2024","Reinvest Shares","XLP","SPDR FUND CONSUMER STAPLES ETF","0.5401","$76.12","","-$41.11"
"03/21/2024","Reinvest Shares","HD","HOME DEPOT INC","0.0478","$395.1265","","-$18.89"
"03/21/2024","Reinvest Shares","XLU","SELECT SECTOR UTI SELECTSPDR ETF","0.1643","$63.83","","-$10.49"
"03/21/2024","Reinvest Shares","XLB","SPDR FUND MATERIALS SELECT SECTR ETF","0.0785","$91.999","","-$7.22"
"03/21/2024","Reinvest Shares","XLC","COMMUNICAT SVS SLCT SEC SPDR ETF","0.2194","$81.715","","-$17.93"
"03/21/2024","Reinvest Dividend","XLP","SPDR FUND CONSUMER STAPLES ETF","","","","$41.11"
"03/21/2024","Qual Div Reinvest","HD","HOME DEPOT INC","","","","$18.89"
"03/21/2024","Reinvest Dividend","XLB","SPDR FUND MATERIALS SELECT SECTR ETF","","","","$7.22"
"03/21/2024","Reinvest Dividend","XLE","ENERGY SELECT SECTOR SPDR ETF","","","","$9.31"
"03/21/2024","Reinvest Dividend","XLU","SELECT SECTOR UTI SELECTSPDR ETF","","","","$10.49"
"03/21/2024","Reinvest Dividend","XLV","SELECT SECTOR HEALTH CARE SPDR ETF","","","","$2.65"
"03/21/2024","Reinvest Dividend","XLC","COMMUNICAT SVS SLCT SEC SPDR ETF","","","","$17.93"
"03/18/2024","Reinvest Shares","VMC","VULCAN MATERIALS COM","0.0051","$270.08","","-$1.38"
"03/18/2024","Qual Div Reinvest","VMC","VULCAN MATERIALS COM","","","","$1.38"
"03/18/2024 as of 03/15/2024","Bank Interest","","BANK INT ...524 SCHWAB BANK","","","","$1.71"
"03/15/2024","Reinvest Shares","MCD","MCDONALDS CORP","0.1244","$279.0029","","-$34.72"
"03/15/2024","Reinvest Shares","O","REALTY INCOME CORP REIT","0.2828","$52.092","","-$14.73"
"03/15/2024","Reinvest Shares","ADI","ANALOG DEVICES INC","0.0663","$194.246","","-$12.88"
"03/15/2024","Reinvest Shares","NEE","NEXTERA ENERGY INC","0.2586","$59.9056","","-$15.49"
"03/15/2024","Qual Div Reinvest","MCD","MCDONALDS CORP","","","","$34.72"
"03/15/2024","Qual Div Reinvest","NEE","NEXTERA ENERGY INC","","","","$15.49"
"03/15/2024","Non-Qualified Div","O","REALTY INCOME CORP REIT","","","","$14.73"
"03/15/2024","Qual Div Reinvest","ADI","ANALOG DEVICES INC","","","","$12.88"
"03/14/2024","Reinvest Shares","MSFT","MICROSOFT CORP","0.0306","$424.8459","","-$13.01"
"03/14/2024","Qual Div Reinvest","MSFT","MICROSOFT CORP","","","","$13.01"
"03/11/2024","Reinvest Shares","XOM","EXXON MOBIL CORP","0.1395","$108.9568","","-$15.20"
"03/11/2024","Qual Div Reinvest","XOM","EXXON MOBIL CORP","","","","$15.20"
"03/08/2024 as of 03/06/2024","Cash In Lieu","IYG","ISHARES US FINANCIAL SERVICES ETF","","","","$7.21"
"03/08/2024","Reinvest Shares","BILS","SPDR BLOOMBERG 3 12 MTH T BLL ETF","0.544","$99.1471","","-$53.94"
"03/07/2024","Reinvest Dividend","BILS","SPDR BLOOMBERG 3 12 MTH T BLL ETF","","","","$53.94"
"03/07/2024","Reinvest Shares","VGLT","VANGUARD LONG TERM TREASURY ETF","0.1006","$59.94","","-$6.03"
"03/07/2024 as of 03/06/2024","Stock Split","IYG","ISHARES US FINANCIAL SERVICES ETF","68","$63.9733","",""
"03/07/2024 as of 03/06/2024","Stock Split","IGV","ISHARES EXPANDED TECH STW SCTR ETF","60","$84.412","",""
"03/06/2024","Reinvest Dividend","VGLT","VANGUARD LONG TERM TREASURY ETF","","","","$6.03"
"03/04/2024","Reinvest Shares","INTC","INTEL CORP","0.0792","$44.3056","","-$3.51"
"03/01/2024","Qual Div Reinvest","INTC","INTEL CORP","","","","$3.51"
"02/26/2024","Reinvest Shares","COF","CAPITAL ONE FC","0.0441","$136.7899","","-$6.03"
"02/26/2024","Buy","CELH","CELSIUS HOLDINGS INC","8","$65.79","","-$526.32"
"02/26/2024","Buy","VMC","VULCAN MATERIALS COM","3","$259.28","","-$777.84"
"02/26/2024","Buy","BILS","SPDR BLOOMBERG 3 12 MTH T BLL ETF","113","$99.3573","","-$11227.37"
"02/26/2024","Sell","XLP","SPDR FUND CONSUMER STAPLES ETF","7","$74.617","","$522.32"
"02/26/2024","Sell","XLB","SPDR FUND MATERIALS SELECT SECTR ETF","11","$86.305","$0.01","$949.35"
"02/23/2024","Qual Div Reinvest","COF","CAPITAL ONE FC","","","","$6.03"
"02/16/2024","Reinvest Shares","AAPL","APPLE INC","0.0132","$182.4897","","-$2.40"
"02/16/2024","Reinvest Shares","O","REALTY INCOME CORP REIT","0.2816","$52.0645","","-$14.66"
"02/16/2024","Reinvest Shares","ABBV","ABBVIE INC","0.1621","$177.3808","","-$28.76"
"02/16/2024 as of 02/15/2024","Bank Interest","","BANK INT ...524 SCHWAB BANK","","","","$3.33"
"02/15/2024","Non-Qualified Div","O","REALTY INCOME CORP REIT","","","","$14.66"
"02/15/2024","Qual Div Reinvest","AAPL","APPLE INC","","","","$2.40"
"02/15/2024","Qual Div Reinvest","ABBV","ABBVIE INC","","","","$28.76"
"02/08/2024","Reinvest Shares","BILS","SPDR BLOOMBERG 3 12 MTH T BLL ETF","0.0928","$99.1799","","-$9.20"
"02/07/2024","Reinvest Dividend","BILS","SPDR BLOOMBERG 3 12 MTH T BLL ETF","","","","$9.20"
"02/07/2024","Reinvest Shares","VGLT","VANGUARD LONG TERM TREASURY ETF","0.1079","$59.4897","","-$6.42"
"02/06/2024","Reinvest Dividend","VGLT","VANGUARD LONG TERM TREASURY ETF","","","","$6.42"
"02/02/2024","Buy","BRKB","BERKSHIRE HATHAWAY CLASS B","8","$389.6803","","-$3117.44"
"02/02/2024","Sell","IYG","ISHARES US FINANCIAL SERVICES ETF","17","$183.105","$0.02","$3112.77"
"01/26/2024","Reinvest Shares","ORCL","ORACLE CORP","0.0662","$115.183","","-$7.63"
"01/25/2024","Qual Div Reinvest","ORCL","ORACLE CORP","","","","$7.63"
"01/22/2024","Sell","XLV","SELECT SECTOR HEALTH CARE SPDR ETF","3","$139.8731","","$419.62"
"01/22/2024","Sell","HD","HOME DEPOT INC","1","$356.25","","$356.25"
"01/22/2024","Sell","FSLR","FIRST SOLAR INC","3","$148.5686","","$445.71"
"01/22/2024","Sell","CRSP","CRISPR THERAPEUTICS F","28","$64.6396","$0.01","$1809.90"
"01/22/2024","Sell","NEE","NEXTERA ENERGY INC","10","$56.855","","$568.55"
"01/22/2024","Sell","O","REALTY INCOME CORP REIT","30","$55.885","$0.01","$1676.54"
"01/22/2024","Sell","ISRG","INTUITIVE SURGICAL","12","$377.8348","$0.04","$4533.98"
"01/22/2024","Reinvest Shares","DLR","DIGITAL REALTY TRUST REIT","0.146","$142.4999","","-$20.81"
"01/19/2024","Pr Yr Non Qual Div","DLR","DIGITAL REALTY TRUST REIT","","","","$20.81"
"01/16/2024","Reinvest Shares","O","REALTY INCOME CORP REIT","0.3788","$58.7708","","-$22.26"
"01/16/2024 as of 01/15/2024","Bank Interest","","BANK INT ...524 SCHWAB BANK","","","","$0.56"
"01/12/2024","Non-Qualified Div","O","REALTY INCOME CORP REIT","","","","$22.26"
"01/02/2024","Reinvest Shares","TROW","T ROWE PRICE GROUP","0.5079","$108.0791","","-$54.89"
"12/29/2023","Qual Div Reinvest","TROW","T ROWE PRICE GROUP","","","","$54.89"
"12/29/2023","Reinvest Shares","VGLT","VANGUARD LONG TERM TREASURY ETF","0.1048","$61.7099","","-$6.47"
"12/28/2023","Reinvest Shares","IYJ","ISHARES US INDUSTRIALS ETF","0.0385","$114.6492","","-$4.41"
"12/28/2023","Reinvest Shares","IYG","ISHARES US FINANCIAL SERVICES ETF","0.2267","$179.55","","-$40.70"
"12/28/2023","Reinvest Dividend","VGLT","VANGUARD LONG TERM TREASURY ETF","","","","$6.47"
"12/27/2023","Qualified Dividend","INSW","INTERNTNL SEAWAY F","","","","$5.64"
"12/27/2023","Special Qual Div","INSW","INTERNTNL SEAWAY F","","","","$53.11"
"12/27/2023","Reinvest Dividend","IYJ","ISHARES US INDUSTRIALS ETF","","","","$4.41"
"12/27/2023","Reinvest Dividend","IYG","ISHARES US FINANCIAL SERVICES ETF","","","","$40.70"
"12/26/2023","Reinvest Shares","RSPN","INVSC SP ...500 EQUAL WGHT INDSTRL ETF","0.1601","$42.965","","-$6.88"
"12/26/2023","Reinvest Shares","BILS","SPDR BLOOMBERG 3 12 MTH T BLL ETF","0.0886","$99.0256","","-$8.77"
"12/26/2023","Reinvest Shares","PSCT","INVSC S&P SMALL TECH PORT ETF IV","0.028","$48.6298","","-$1.36"
"12/26/2023","Reinvest Shares","VGT","VANGUARD INFORMATION TECHNOLOGY ETF","0.0666","$485.3261","","-$32.34"
"12/22/2023","Reinvest Dividend","RSPN","INVSC SP ...500 EQUAL WGHT INDSTRL ETF","","","","$6.88"
"12/22/2023","Reinvest Dividend","PSCT","INVSC S&P SMALL TECH PORT ETF IV","","","","$1.36"
"12/22/2023","Reinvest Dividend","VGT","VANGUARD INFORMATION TECHNOLOGY ETF","","","","$32.34"
"12/22/2023","Reinvest Dividend","BILS","SPDR BLOOMBERG 3 12 MTH T BLL ETF","","","","$8.77"
"12/22/2023","Reinvest Shares","XLE","ENERGY SELECT SECTOR SPDR ETF","0.1179","$85.4961","","-$10.08"
"12/22/2023","Reinvest Shares","XLC","COMMUNICAT SVS SLCT SEC SPDR ETF","0.1991","$72.9099","","-$14.52"
"12/22/2023","Reinvest Shares","XLV","SELECT SECTOR HEALTH CARE SPDR ETF","0.0355","$135.1929","","-$4.80"
"12/22/2023","Reinvest Shares","XLP","SPDR FUND CONSUMER STAPLES ETF","0.6087","$71.2283","","-$43.36"
"12/22/2023","Reinvest Shares","XLU","SELECT SECTOR UTI SELECTSPDR ETF","0.1894","$63.0488","","-$11.94"
"12/22/2023","Reinvest Shares","XLB","SPDR FUND MATERIALS SELECT SECTR ETF","0.2277","$85.6996","","-$19.51"
"12/21/2023","Reinvest Dividend","XLV","SELECT SECTOR HEALTH CARE SPDR ETF","","","","$4.80"
"12/21/2023","Reinvest Dividend","XLP","SPDR FUND CONSUMER STAPLES ETF","","","","$43.36"
"12/21/2023","Reinvest Dividend","XLC","COMMUNICAT SVS SLCT SEC SPDR ETF","","","","$14.52"
"12/21/2023","Reinvest Dividend","XLB","SPDR FUND MATERIALS SELECT SECTR ETF","","","","$19.51"
"12/21/2023","Reinvest Dividend","XLE","ENERGY SELECT SECTOR SPDR ETF","","","","$10.08"
"12/21/2023","Reinvest Dividend","XLU","SELECT SECTOR UTI SELECTSPDR ETF","","","","$11.94"
"12/18/2023","Reinvest Shares","MCD","MCDONALDS CORP","0.1191","$289.9502","","-$34.52"
"12/18/2023","Reinvest Shares","WM","WASTE MANAGEMENT INC","0.1322","$177.0797","","-$23.41"
"12/18/2023","Reinvest Shares","O","REALTY INCOME CORP REIT","0.3877","$57.0488","","-$22.12"
"12/18/2023","Reinvest Shares","NEE","NEXTERA ENERGY INC","0.3025","$61.4447","","-$18.59"
"12/18/2023 as of 12/15/2023","Bank Interest","","BANK INT ...523 SCHWAB BANK","","","","$0.41"
"12/15/2023","Non-Qualified Div","O","REALTY INCOME CORP REIT","","","","$22.12"
"12/15/2023","Qual Div Reinvest","NEE","NEXTERA ENERGY INC","","","","$18.59"
"12/15/2023","Reinvest Shares","MSFT","MICROSOFT CORP","0.035","$371.4383","","-$12.99"
"12/15/2023","Reinvest Shares","HD","HOME DEPOT INC","0.0554","$352.2097","","-$19.52"
"12/15/2023","Qual Div Reinvest","WM","WASTE MANAGEMENT INC","","","","$23.41"
"12/15/2023","Qual Div Reinvest","MCD","MCDONALDS CORP","","","","$34.52"
"12/15/2023","Reinvest Shares","ADI","ANALOG DEVICES INC","0.0597","$200.8399","","-$11.99"
"12/14/2023","Qual Div Reinvest","HD","HOME DEPOT INC","","","","$19.52"
"12/14/2023","Qual Div Reinvest","MSFT","MICROSOFT CORP","","","","$12.99"
"12/14/2023","Qual Div Reinvest","ADI","ANALOG DEVICES INC","","","","$11.99"
"12/08/2023","Reinvest Shares","BILS","SPDR BLOOMBERG 3 12 MTH T BLL ETF","0.0879","$99.2098","","-$8.72"
"12/07/2023","Reinvest Dividend","BILS","SPDR BLOOMBERG 3 12 MTH T BLL ETF","","","","$8.72"
"12/07/2023","Reinvest Shares","VGLT","VANGUARD LONG TERM TREASURY ETF","0.1017","$59.2997","","-$6.03"
"12/06/2023","Reinvest Dividend","VGLT","VANGUARD LONG TERM TREASURY ETF","","","","$6.03"
"12/04/2023","Reinvest Shares","INTC","INTEL CORP","0.0836","$41.8794","","-$3.50"
"12/04/2023","Sell","SOUN","SOUNDHOUND AI INC CLASS A","200","$2.325","$0.03","$464.97"
"12/01/2023","Qual Div Reinvest","INTC","INTEL CORP","","","","$3.50"
"11/27/2023","Reinvest Shares","COF","CAPITAL ONE FC","0.0566","$105.98","","-$6.00"
"11/24/2023","Qual Div Reinvest","COF","CAPITAL ONE FC","","","","$6.00"
"11/17/2023","Reinvest Shares","AAPL","APPLE INC","0.0127","$189.2787","","-$2.40"
"11/16/2023","Reinvest Shares","O","REALTY INCOME CORP REIT","0.4162","$52.8797","","-$22.01"
"11/16/2023","Reinvest Shares","ABBV","ABBVIE INC","0.1961","$138.5216","","-$27.17"
"11/16/2023","Buy","XOM","EXXON MOBIL CORP","16","$102.055","","-$1632.88"
"11/16/2023","Sell","XLE","ENERGY SELECT SECTOR SPDR ETF","20","$82.555","$0.01","$1651.09"
"11/16/2023","Qual Div Reinvest","AAPL","APPLE INC","","","","$2.40"
"11/16/2023 as of 11/15/2023","Bank Interest","","BANK INT ...523 SCHWAB BANK","","","","$0.39"
"11/15/2023","Qual Div Reinvest","ABBV","ABBVIE INC","","","","$27.17"
"11/15/2023","Non-Qualified Div","O","REALTY INCOME CORP REIT","","","","$22.01"
"11/08/2023","Reinvest Shares","BILS","SPDR BLOOMBERG 3 12 MTH T BLL ETF","0.09","$99.1495","","-$8.92"
"11/07/2023","Reinvest Dividend","BILS","SPDR BLOOMBERG 3 12 MTH T BLL ETF","","","","$8.92"
"11/07/2023","Reinvest Shares","VGLT","VANGUARD LONG TERM TREASURY ETF","0.1105","$55.1092","","-$6.09"
"11/06/2023","Reinvest Dividend","VGLT","VANGUARD LONG TERM TREASURY ETF","","","","$6.09"
"10/27/2023","Reinvest Shares","ORCL","ORACLE CORP","0.0751","$101.1418","","-$7.60"
"10/26/2023","Qual Div Reinvest","ORCL","ORACLE CORP","","","","$7.60"
"10/23/2023","Buy","BILS","SPDR BLOOMBERG 3 12 MTH T BLL ETF","20","$99.3397","","-$1986.79"
"10/23/2023","Buy","XLU","SELECT SECTOR UTI SELECTSPDR ETF","20","$57.975","","-$1159.50"
"10/23/2023","Buy","XLV","SELECT SECTOR HEALTH CARE SPDR ETF","8","$127.985","","-$1023.88"
"10/23/2023","Buy","INTC","INTEL CORP","28","$34.7957","","-$974.28"
"10/23/2023","Buy","XLB","SPDR FUND MATERIALS SELECT SECTR ETF","33","$74.8865","","-$2471.25"
"10/23/2023","Buy","VGT","VANGUARD INFORMATION TECHNOLOGY ETF","5","$410.07","","-$2050.35"
"10/23/2023","Buy","IGV","ISHARES EXPANDED TECH STW SCTR ETF","15","$338.1709","","-$5072.56"
"10/23/2023","Buy","PSCT","INVSC S&P SMALL TECH PORT ETF IV","123","$40.3863","","-$4967.51"
"10/23/2023","Buy","IYG","ISHARES US FINANCIAL SERVICES ETF","26","$149.2216","","-$3879.76"
"10/23/2023","Buy","GOOGL","ALPHABET INC. CLASS A","15","$136.17","","-$2042.55"
"10/23/2023","Sell","SCHR","SCHWAB INTERMEDIATE TERMUS TRS ETF","17.05","$47.3402","$0.01","$807.14"
"10/23/2023","Sell","SCHO","SCHWAB SHORT TERM US TREASURY ETF","18.9091","$47.8399","$0.01","$904.60"
"10/23/2023","Sell","LIT","GLOBAL X LITHIUM BATTERYTECH ETF","123.9404","$48.6351","$0.07","$6027.78"
"10/23/2023","Sell","DLR","DIGITAL REALTY TRUST REIT","35","$118.346","$0.04","$4142.07"
"10/23/2023","Sell","IYJ","ISHARES US INDUSTRIALS ETF","77","$98.0105","$0.07","$7546.74"
"10/23/2023","Sell","FSLR","FIRST SOLAR INC","20","$152.06","$0.02","$3041.18"
"10/23/2023","Sell","FDIS","FIDELITY MSCI CONS DISCRINDX ETF","30.2688","$66.1998","$0.02","$2003.77"
"10/23/2023","Sell","PSCD","INVSC S&P CONS DISC PORTETF IV","11","$80.6982","$0.01","$887.67"
"10/16/2023","Reinvest Shares","O","REALTY INCOME CORP REIT","0.4328","$50.6033","","-$21.90"
"10/16/2023 as of 10/15/2023","Bank Interest","","BANK INT ...523 SCHWAB BANK","","","","$0.36"
"10/13/2023","Non-Qualified Div","O","REALTY INCOME CORP REIT","","","","$21.90"
"10/11/2023","Buy","XLE","ENERGY SELECT SECTOR SPDR ETF","12","$87.0599","","-$1044.72"
"10/11/2023","Buy","PANW","PALO ALTO NETWORKS","11","$256.7329","","-$2824.06"
"10/11/2023","Sell","NEE","NEXTERA ENERGY INC","20","$52.525","$0.01","$1050.49"
"10/11/2023","Sell","VGT","VANGUARD INFORMATION TECHNOLOGY ETF","7","$428.80","$0.02","$3001.58"
"10/09/2023","Reinvest Shares","SCHR","SCHWAB INTERMEDIATE TERMUS TRS ETF","0.0494","$47.7399","","-$2.36"
"10/09/2023","Reinvest Shares","SCHO","SCHWAB SHORT TERM US TREASURY ETF","0.0639","$47.8768","","-$3.06"
"10/06/2023","Reinvest Dividend","SCHR","SCHWAB INTERMEDIATE TERMUS TRS ETF","","","","$2.36"
"10/06/2023","Reinvest Dividend","SCHO","SCHWAB SHORT TERM US TREASURY ETF","","","","$3.06"
"10/06/2023","Reinvest Shares","VGLT","VANGUARD LONG TERM TREASURY ETF","0.1126","$52.95","","-$5.96"
"10/05/2023","Reinvest Dividend","VGLT","VANGUARD LONG TERM TREASURY ETF","","","","$5.96"
"10/04/2023","Reinvest Shares","VGT","VANGUARD INFORMATION TECHNOLOGY ETF","0.1018","$412.1202","","-$41.95"
"10/03/2023","Reinvest Dividend","VGT","VANGUARD INFORMATION TECHNOLOGY ETF","","","","$41.95"
"10/03/2023","Reinvest Shares","IYJ","ISHARES US INDUSTRIALS ETF","0.262","$100.1945","","-$26.25"
"10/03/2023","Reinvest Shares","IYG","ISHARES US FINANCIAL SERVICES ETF","0.1427","$151.86","","-$21.67"
"10/02/2023","Reinvest Dividend","IYJ","ISHARES US INDUSTRIALS ETF","","","","$26.25"
"10/02/2023","Reinvest Dividend","IYG","ISHARES US FINANCIAL SERVICES ETF","","","","$21.67"
"10/02/2023","Reinvest Shares","DLR","DIGITAL REALTY TRUST REIT","0.5195","$121.0403","","-$62.88"
"09/29/2023","Non-Qualified Div","DLR","DIGITAL REALTY TRUST REIT","","","","$62.88"
"09/29/2023","Reinvest Shares","TROW","T ROWE PRICE GROUP","0.5117","$106.0374","","-$54.26"
"09/29/2023","Buy","ORCL","ORACLE CORP","19","$106.0867","","-$2015.65"
"09/29/2023","Sell","VGT","VANGUARD INFORMATION TECHNOLOGY ETF","5","$417.565","$0.02","$2087.81"
"09/28/2023","Qual Div Reinvest","TROW","T ROWE PRICE GROUP","","","","$54.26"
"09/25/2023","Reinvest Shares","WM","WASTE MANAGEMENT INC","0.1481","$157.2794","","-$23.30"
"09/25/2023","Reinvest Shares","RSPN","INVSC SP ...500 EQUAL WGHT INDSTRL ETF","0.1277","$38.385","","-$4.90"
"09/22/2023","Reinvest Shares","XLV","SELECT SECTOR HEALTH CARE SPDR ETF","0.0303","$130.3069","","-$3.95"
"09/22/2023","Reinvest Dividend","RSPN","INVSC SP ...500 EQUAL WGHT INDSTRL ETF","","","","$4.90"
"09/22/2023","Cash Dividend","PSCD","INVSC S&P CONS DISC PORTETF IV","","","","$2.93"
"09/22/2023","Qual Div Reinvest","WM","WASTE MANAGEMENT INC","","","","$23.30"
"09/22/2023","Reinvest Shares","XLE","ENERGY SELECT SECTOR SPDR ETF","0.3235","$90.0456","","-$29.13"
"09/22/2023","Reinvest Shares","XLC","COMMUNICAT SVS SLCT SEC SPDR ETF","0.2111","$66.2298","","-$13.98"
"09/22/2023","Reinvest Shares","XLP","SPDR FUND CONSUMER STAPLES ETF","0.5527","$70.4699","","-$38.95"
"09/22/2023","Buy","SOUN","SOUNDHOUND AI INC CLASS A","400","$1.9581","","-$783.24"
"09/22/2023","Buy","INSW","INTERNTNL SEAWAY F","47","$42.925","","-$2017.48"
"09/22/2023","Buy","CRSP","CRISPR THERAPEUTICS F","20","$46.6591","","-$933.18"
"09/22/2023","Sell","VGT","VANGUARD INFORMATION TECHNOLOGY ETF","2","$415.575","$0.01","$831.14"
"09/22/2023","Sell","XLE","ENERGY SELECT SECTOR SPDR ETF","23","$90.0808","$0.02","$2071.84"
"09/22/2023","Sell","XLV","SELECT SECTOR HEALTH CARE SPDR ETF","7.3291","$130.1456","$0.01","$953.84"
"09/21/2023","Reinvest Dividend","XLE","ENERGY SELECT SECTOR SPDR ETF","","","","$29.13"
"09/21/2023","Reinvest Dividend","XLV","SELECT SECTOR HEALTH CARE SPDR ETF","","","","$3.95"
"09/21/2023","Reinvest Dividend","XLP","SPDR FUND CONSUMER STAPLES ETF","","","","$38.95"
"09/21/2023","Reinvest Dividend","XLC","COMMUNICAT SVS SLCT SEC SPDR ETF","","","","$13.98"
"09/21/2023","Reinvest Shares","FDIS","FIDELITY MSCI CONS DISCRINDX ETF","0.0614","$70.8532","","-$4.35"
"09/20/2023","Reinvest Dividend","FDIS","FIDELITY MSCI CONS DISCRINDX ETF","","","","$4.35"
"09/19/2023","Reinvest Shares","MCD","MCDONALDS CORP","0.1126","$277.4815","","-$31.25"
"09/18/2023","Reinvest Shares","NEE","NEXTERA ENERGY INC","0.4049","$68.5406","","-$27.75"
"09/18/2023","Qual Div Reinvest","MCD","MCDONALDS CORP","","","","$31.25"
"09/18/2023","Reinvest Shares","O","REALTY INCOME CORP REIT","0.4036","$53.8857","","-$21.75"
"09/18/2023 as of 09/15/2023","Bank Interest","","BANK INT ...523 SCHWAB BANK","","","","$0.31"
"09/15/2023","Reinvest Shares","HD","HOME DEPOT INC","0.1234","$325.6395","","-$40.17"
"09/15/2023","Reinvest Shares","MSFT","MICROSOFT CORP","0.0353","$333.267","","-$11.75"
"09/15/2023","Non-Qualified Div","O","REALTY INCOME CORP REIT","","","","$21.75"
"09/15/2023","Qual Div Reinvest","NEE","NEXTERA ENERGY INC","","","","$27.75"
"09/15/2023","Reinvest Shares","ADI","ANALOG DEVICES INC","0.1143","$179.2295","","-$20.49"
"09/15/2023","Buy","COF","CAPITAL ONE FC","10","$103.5271","","-$1035.27"
"09/15/2023","Buy","CRSP","CRISPR THERAPEUTICS F","40","$50.98","","-$2039.20"
"09/15/2023","Sell","IYG","ISHARES US FINANCIAL SERVICES ETF","6","$163.84","$0.01","$983.03"
"09/15/2023","Sell","ISRG","INTUITIVE SURGICAL","7","$298.3749","$0.02","$2088.60"
"09/14/2023","Qual Div Reinvest","MSFT","MICROSOFT CORP","","","","$11.75"
"09/14/2023","Qual Div Reinvest","HD","HOME DEPOT INC","","","","$40.17"
"09/14/2023","Qual Div Reinvest","ADI","ANALOG DEVICES INC","","","","$20.49"
"09/11/2023","Reinvest Shares","SCHO","SCHWAB SHORT TERM US TREASURY ETF","0.0595","$47.8684","","-$2.85"
"09/11/2023","Reinvest Shares","SCHR","SCHWAB INTERMEDIATE TERMUS TRS ETF","0.0477","$48.3994","","-$2.31"
"09/08/2023","Reinvest Dividend","SCHR","SCHWAB INTERMEDIATE TERMUS TRS ETF","","","","$2.31"
"09/08/2023","Reinvest Dividend","SCHO","SCHWAB SHORT TERM US TREASURY ETF","","","","$2.85"
"09/08/2023","Reinvest Shares","VGLT","VANGUARD LONG TERM TREASURY ETF","0.1033","$59.0362","","-$6.10"
"09/08/2023","Buy","AAPL","APPLE INC","6","$179.60","","-$1077.60"
"09/08/2023","Sell","ADI","ANALOG DEVICES INC","10","$178.15","$0.01","$1781.49"
"09/08/2023","Buy","AAPL","APPLE INC","4","$179.595","","-$718.38"
"09/08/2023","Buy","PSCD","INVSC S&P CONS DISC PORTETF IV","11","$88.605","","-$974.66"
"09/08/2023","Buy","GOOGL","ALPHABET INC. CLASS A","19","$135.73","","-$2578.87"
"09/08/2023","Buy","DAR","DARLING INGREDIENTS","55","$58.5009","","-$3217.55"
"09/08/2023","Sell","DG","DOLLAR GENERAL CORP","8.0501","$124.55","$0.01","$1002.63"
"09/08/2023","Sell","DIS","WALT DISNEY CO","31.368","$80.4151","$0.02","$2522.44"
"09/08/2023","Sell","HD","HOME DEPOT INC","10","$326.9701","$0.03","$3269.67"
"09/07/2023","Reinvest Dividend","VGLT","VANGUARD LONG TERM TREASURY ETF","","","","$6.10"
"08/16/2023","Reinvest Shares","O","REALTY INCOME CORP REIT","0.3776","$57.3565","","-$21.66"
"08/16/2023","Reinvest Shares","ABBV","ABBVIE INC","0.1757","$153.19","","-$26.91"
"08/16/2023 as of 08/15/2023","Bank Interest","","BANK INT ...523 SCHWAB BANK","","","","$0.29"
"08/15/2023","Qual Div Reinvest","ABBV","ABBVIE INC","","","","$26.91"
"08/15/2023","Non-Qualified Div","O","REALTY INCOME CORP REIT","","","","$21.66"
"08/08/2023","Reinvest Shares","SCHO","SCHWAB SHORT TERM US TREASURY ETF","0.0669","$48.0133","","-$3.21"
"08/08/2023","Reinvest Shares","SCHR","SCHWAB INTERMEDIATE TERMUS TRS ETF","0.0417","$49.125","","-$2.05"
"08/07/2023","Reinvest Dividend","SCHR","SCHWAB INTERMEDIATE TERMUS TRS ETF","","","","$2.05"
"08/07/2023","Reinvest Dividend","SCHO","SCHWAB SHORT TERM US TREASURY ETF","","","","$3.21"
"08/07/2023","Reinvest Shares","VGLT","VANGUARD LONG TERM TREASURY ETF","0.0938","$59.6799","","-$5.60"
"08/04/2023","Reinvest Dividend","VGLT","VANGUARD LONG TERM TREASURY ETF IV","","","","$5.60"
"07/26/2023","Qualified Dividend","CSCO","CISCO SYSTEMS INC","","","","$47.05"
"07/26/2023","Reinvest Shares","DG","DOLLAR GENERAL CORP","0.0286","$165.32","","-$4.73"
"07/25/2023","Qual Div Reinvest","DG","DOLLAR GENERAL CORP","","","","$4.73"
"07/25/2023","Buy","VGT","VANGUARD INFORMATION TECHNOLOGY ETF","8","$452.21","","-$3617.68"
"07/25/2023","Buy","VGT","VANGUARD INFORMATION TECHNOLOGY ETF","6","$450.5499","","-$2703.30"
"07/25/2023","Sell","CSCO","CISCO SYSTEMS INC","120.645","$53.33","$0.07","$6433.93"
"07/18/2023 as of 07/14/2023","Cash In Lieu","RSPN","INVSC SP ...500 EQUAL WGHT INDSTRL ETF","","","","$4.93"
"07/17/2023","Reinvest Shares","O","REALTY INCOME CORP REIT","0.3528","$61.1377","","-$21.57"
"07/17/2023 as of 07/15/2023","Bank Interest","","BANK INT ...523 SCHWAB BANK","","","","$0.24"
"07/17/2023 as of 07/14/2023","Stock Split","RSPN","INVSC SP ...500 EQUAL WGHT INDSTRL ETF","40","$41.3148","",""
"07/14/2023","Non-Qualified Div","O","REALTY INCOME CORP REIT","","","","$21.57"
"07/11/2023","Reinvest Shares","SCHR","SCHWAB INTERMEDIATE TERMUS TRS ETF","0.0453","$48.839","","-$2.21"
"07/11/2023","Reinvest Shares","SCHO","SCHWAB SHORT TERM US TREASURY ETF","0.0611","$47.9286","","-$2.93"
"07/11/2023","Reinvest Shares","LIT","GLOBAL X LITHIUM BATTERYTECH ETF","0.379","$67.6973","","-$25.66"
"07/10/2023","Reinvest Dividend","LIT","GLOBAL X LITHIUM BATTERYTECH ETF","","","","$25.66"
"07/10/2023","Reinvest Shares","VGLT","VANGUARD LONG TERM TREASURY ETF IV","0.0903","$61.2699","","-$5.53"
"07/10/2023","Reinvest Dividend","SCHR","SCHWAB INTERMEDIATE TERMUS TRS ETF","","","","$2.21"
"07/10/2023","Reinvest Dividend","SCHO","SCHWAB SHORT TERM US TREASURY ETF","","","","$2.93"
"07/07/2023","Reinvest Dividend","VGLT","VANGUARD LONG TERM TREASURY ETF IV","","","","$5.53"
"07/06/2023","Reinvest Shares","VGT","VANGUARD INFORMATION TECHNOLOGY ETF","0.0555","$432.8948","","-$24.01"
"07/05/2023","Reinvest Dividend","VGT","VANGUARD INFORMATION TECHNOLOGY ETF","","","","$24.01"
"07/03/2023","Reinvest Shares","DLR","DIGITAL REALTY TRUST REIT","0.54","$115.2308","","-$62.22"
"06/30/2023","Non-Qualified Div","DLR","DIGITAL REALTY TRUST REIT","","","","$62.22"
"06/30/2023","Reinvest Shares","TROW","T ROWE PRICE GROUP","0.4793","$111.9999","","-$53.68"
"06/29/2023","Qual Div Reinvest","TROW","T ROWE PRICE GROUP","","","","$53.68"
"06/26/2023","Reinvest Shares","XLE","ENERGY SELECT SECTOR SPDR ETF","0.3863","$78.3051","","-$30.25"
"06/26/2023","Reinvest Shares","XLV","SELECT SECTOR HEALTH CARE SPDR ETF","0.0302","$130.9424","","-$3.96"
"06/26/2023","Reinvest Shares","XLP","SPDR FUND CONSUMER STAPLES ETF","0.5714","$73.3795","","-$41.93"
"06/26/2023","Reinvest Shares","RSPN","INVSC SP ...500 EQL WGHT INDSTRL ETF IV","0.0295","$196.58","","-$5.79"
"06/26/2023","Reinvest Shares","XLC","COMMUNICAT SVS SLCT SEC SPDR ETF","0.1359","$64.235","","-$8.73"
"06/23/2023","Reinvest Dividend","XLE","ENERGY SELECT SECTOR SPDR ETF","","","","$30.25"
"06/23/2023","Reinvest Dividend","XLV","SELECT SECTOR HEALTH CARE SPDR ETF","","","","$3.96"
"06/23/2023","Reinvest Dividend","XLP","SPDR FUND CONSUMER STAPLES ETF","","","","$41.93"
"06/23/2023","Reinvest Dividend","RSPN","INVSC SP ...500 EQL WGHT INDSTRL ETF IV","","","","$5.79"
"06/23/2023","Reinvest Dividend","XLC","COMMUNICAT SVS SLCT SEC SPDR ETF","","","","$8.73"
"06/23/2023","Reinvest Shares","FDIS","FIDELITY MSCI CONS DISCRINDX ETF","0.0617","$71.30","","-$4.40"
"06/22/2023","Reinvest Dividend","FDIS","FIDELITY MSCI CONS DISCRINDX ETF","","","","$4.40"
"06/21/2023","Reinvest Shares","MCD","MCDONALDS CORP","0.1058","$293.7965","","-$31.09"
"06/20/2023","Reinvest Shares","WM","WASTE MANAGEMENT INC","0.14","$165.6754","","-$23.20"
"06/20/2023","Qual Div Reinvest","MCD","MCDONALDS CORP","","","","$31.09"
"06/16/2023","Reinvest Shares","O","REALTY INCOME CORP REIT","0.3485","$61.5169","","-$21.44"
"06/16/2023","Reinvest Shares","NEE","NEXTERA ENERGY INC","0.3633","$75.9211","","-$27.58"
"06/16/2023","Reinvest Shares","HD","HOME DEPOT INC","0.1309","$304.7991","","-$39.89"
"06/16/2023","Qual Div Reinvest","WM","WASTE MANAGEMENT INC","","","","$23.20"
"06/16/2023 as of 06/15/2023","Bank Interest","","BANK INT ...523 SCHWAB BANK","","","","$0.23"
"06/15/2023","Qual Div Reinvest","NEE","NEXTERA ENERGY INC","","","","$27.58"
"06/15/2023","Qual Div Reinvest","HD","HOME DEPOT INC","","","","$39.89"
"06/15/2023","Non-Qualified Div","O","REALTY INCOME CORP REIT","","","","$21.44"
"06/15/2023","Reinvest Shares","ADI","ANALOG DEVICES INC","0.1073","$190.1411","","-$20.40"
"06/14/2023","Reinvest Shares","IYJ","ISHARES US INDUSTRIALS ETF","0.2364","$103.279","","-$24.41"
"06/14/2023","Reinvest Shares","IYG","ISHARES US FINANCIAL SERVICES ETF","0.1254","$157.3566","","-$19.73"
"06/14/2023","Qual Div Reinvest","ADI","ANALOG DEVICES INC","","","","$20.40"
"06/13/2023","Reinvest Dividend","IYJ","ISHARES US INDUSTRIALS ETF","","","","$24.41"
"06/13/2023","Reinvest Dividend","IYG","ISHARES US FINANCIAL SERVICES ETF","","","","$19.73"
"06/12/2023 as of 06/10/2023","Qualified Dividend","TGT","TARGET CORP","","","","$40.51"
"06/09/2023","Reinvest Shares","MSFT","MICROSOFT CORP","0.0357","$328.2689","","-$11.73"
"06/08/2023","Reinvest Shares","SCHR","SCHWAB INTERMEDIATE TERMUS TRS ETF","0.0425","$49.6394","","-$2.11"
"06/08/2023","Reinvest Shares","SCHO","SCHWAB SHORT TERM US TREASURY ETF","0.0559","$48.269","","-$2.70"
"06/08/2023","Qual Div Reinvest","MSFT","MICROSOFT CORP","","","","$11.73"
"06/07/2023","Reinvest Shares","VGLT","VANGUARD LONG TERM TREASURY ETF IV","0.0896","$63.185","","-$5.66"
"06/07/2023","Reinvest Dividend","SCHR","SCHWAB INTERMEDIATE TERMUS TRS ETF","","","","$2.11"
"06/07/2023","Reinvest Dividend","SCHO","SCHWAB SHORT TERM US TREASURY ETF","","","","$2.70"
"06/06/2023","Reinvest Dividend","VGLT","VANGUARD LONG TERM TREASURY ETF IV","","","","$5.66"
"06/06/2023","Buy","DAR","DARLING INGREDIENTS","76","$63.895","","-$4856.02"
"06/06/2023","Sell","TGT","TARGET CORP","37.5075","$130.5131","$0.05","$4895.17"
"05/16/2023","Reinvest Shares","O","REALTY INCOME CORP REIT","0.3481","$61.3377","","-$21.35"
"05/16/2023","Reinvest Shares","ABBV","ABBVIE INC","0.1831","$145.516","","-$26.64"
"05/16/2023 as of 05/15/2023","Bank Interest","","BANK INT ...523 SCHWAB BANK","","","","$0.21"
"05/15/2023","Qual Div Reinvest","ABBV","ABBVIE INC","","","","$26.64"
"05/15/2023","Non-Qualified Div","O","REALTY INCOME CORP REIT","","","","$21.35"
"05/08/2023","Reinvest Shares","SCHR","SCHWAB INTERMEDIATE TERMUS TRS ETF","0.0374","$50.58","","-$1.89"
"05/08/2023","Reinvest Shares","SCHO","SCHWAB SHORT TERM US TREASURY ETF","0.0505","$48.7071","","-$2.46"
"05/05/2023","Reinvest Shares","VGLT","VANGUARD LONG TERM TREASURY ETF IV","0.0835","$64.67","","-$5.40"
"05/05/2023","Reinvest Dividend","SCHR","SCHWAB INTERMEDIATE TERMUS TRS ETF","","","","$1.89"
"05/05/2023","Reinvest Dividend","SCHO","SCHWAB SHORT TERM US TREASURY ETF","","","","$2.46"
"05/04/2023","Reinvest Dividend","VGLT","VANGUARD LONG TERM TREASURY ETF IV","","","","$5.40"
"04/27/2023","Reinvest Shares","CSCO","CISCO SYSTEMS INC","1.0087","$46.2554","","-$46.66"
"04/26/2023","Reinvest Shares","DG","DOLLAR GENERAL CORP","0.0215","$219.45","","-$4.72"
"04/26/2023","Qual Div Reinvest","CSCO","CISCO SYSTEMS INC","","","","$46.66"
"04/25/2023","Qual Div Reinvest","DG","DOLLAR GENERAL CORP","","","","$4.72"
"04/17/2023","Reinvest Shares","O","REALTY INCOME CORP REIT","0.3485","$60.9993","","-$21.26"
"04/17/2023 as of 04/15/2023","Bank Interest","","BANK INT ...523 SCHWAB BANK","","","","$4.57"
"04/14/2023","Non-Qualified Div","O","REALTY INCOME CORP REIT","","","","$21.26"
"04/11/2023","Reinvest Shares","SCHR","SCHWAB INTERMEDIATE TERMUS TRS ETF","0.045","$50.495","","-$2.27"
"04/11/2023","Reinvest Shares","SCHO","SCHWAB SHORT TERM US TREASURY ETF","0.0593","$48.6971","","-$2.89"
"04/10/2023","Reinvest Shares","VGLT","VANGUARD LONG TERM TREASURY ETF IV","0.0842","$66.0488","","-$5.56"
"04/10/2023","Reinvest Dividend","SCHR","SCHWAB INTERMEDIATE TERMUS TRS ETF","","","","$2.27"
"04/10/2023","Reinvest Dividend","SCHO","SCHWAB SHORT TERM US TREASURY ETF","","","","$2.89"
"04/06/2023","Reinvest Dividend","VGLT","VANGUARD LONG TERM TREASURY ETF IV","","","","$5.56"
"03/31/2023","Buy","XLP","SPDR FUND CONSUMER STAPLES ETF","20","$74.5517","","-$1491.03"
"03/31/2023","Buy","RGI","INVSC SP ...500 EQUAL WGHT INDSTRL ETF","10","$186.83","","-$1868.30"
"03/31/2023","Buy","IYJ","ISHARES US INDUSTRIALS ETF","50","$99.6826","","-$4984.13"
"03/31/2023","Buy","LIT","GLOBAL X LITHIUM BATTERYTECH ETF","78","$63.53","","-$4955.34"
"03/31/2023","Buy","DLR","DIGITAL REALTY TRUST REIT","51","$96.255","","-$4909.01"
"03/31/2023","Buy","TROW","T ROWE PRICE GROUP","44","$112.9694","","-$4970.65"
"03/31/2023","Buy","ABBV","ABBVIE INC","18","$157.886","","-$2841.95"
"03/31/2023","Sell","XLV","SELECT SECTOR HEALTH CARE SPDR ETF","19","$128.915","$0.02","$2449.37"
"03/31/2023","Sell","IYG","ISHARES US FINANCIAL SERETF","33","$150.4426","$0.04","$4964.57"
"03/30/2023","Reinvest Shares","IYJ","ISHARES US INDUSTRIALS ETF","0.106","$99.2186","","-$10.52"
"03/30/2023","Reinvest Shares","IYG","ISHARES US FINANCIAL SERETF","0.359","$150.6849","","-$54.09"
"03/30/2023","Reinvest Shares","VGT","VANGUARD INFORMATION TECHNOLOGY ETF","0.0721","$379.8264","","-$27.37"
"03/29/2023","Reinvest Dividend","VGT","VANGUARD INFORMATION TECHNOLOGY ETF","","","","$27.37"
"03/29/2023","Reinvest Dividend","IYJ","ISHARES US INDUSTRIALS ETF","","","","$10.52"
"03/29/2023","Reinvest Dividend","IYG","ISHARES US FINANCIAL SERETF","","","","$54.09"
"03/27/2023","Reinvest Shares","WM","WASTE MANAGEMENT INC","0.1485","$155.5951","","-$23.10"
"03/24/2023","Reinvest Shares","XLE","ENERGY SELECT SECTOR SPDR ETF","0.4401","$76.6715","","-$33.74"
"03/24/2023","Reinvest Shares","XLV","SELECT SECTOR HEALTH CARE SPDR ETF","0.1019","$125.6684","","-$12.81"
"03/24/2023","Reinvest Shares","XLP","SPDR FUND CONSUMER STAPLES ETF","0.284","$72.1175","","-$20.48"
"03/24/2023","Reinvest Shares","HD","HOME DEPOT INC","0.1399","$283.1146","","-$39.60"
"03/24/2023","Reinvest Shares","XLC","COMMUNICAT SVS SLCT SEC SPDR ETF","0.2203","$56.5099","","-$12.45"
"03/24/2023","Qual Div Reinvest","WM","WASTE MANAGEMENT INC","","","","$23.10"
"03/23/2023","Reinvest Shares","FDIS","FIDELITY MSCI CONS DISCRINDX ETF","0.0829","$63.0899","","-$5.23"
"03/23/2023","Reinvest Dividend","XLE","ENERGY SELECT SECTOR SPDR ETF","","","","$33.74"
"03/23/2023","Reinvest Dividend","XLV","SELECT SECTOR HEALTH CARE SPDR ETF","","","","$12.81"
"03/23/2023","Reinvest Dividend","XLP","SPDR FUND CONSUMER STAPLES ETF","","","","$20.48"
"03/23/2023","Qual Div Reinvest","HD","HOME DEPOT INC","","","","$39.60"
"03/23/2023","Reinvest Dividend","XLC","COMMUNICAT SVS SLCT SEC SPDR ETF","","","","$12.45"
"03/22/2023","Reinvest Dividend","FDIS","FIDELITY MSCI CONS DISCRINDX ETF","","","","$5.23"
"03/16/2023","Reinvest Shares","O","REALTY INCOME CORP REIT","0.3404","$62.08","","-$21.13"
"03/16/2023","Reinvest Shares","NEE","NEXTERA ENERGY INC","0.3649","$75.1264","","-$27.41"
"03/16/2023","Reinvest Shares","MCD","MCDONALDS CORP","0.1154","$267.8213","","-$30.91"
"03/16/2023 as of 03/15/2023","Bank Interest","","BANK INT ...523 SCHWAB BANK","","","","$4.72"
"03/15/2023","Non-Qualified Div","O","REALTY INCOME CORP REIT","","","","$21.13"
"03/15/2023","Qual Div Reinvest","NEE","NEXTERA ENERGY INC","","","","$27.41"
"03/15/2023","Qual Div Reinvest","MCD","MCDONALDS CORP","","","","$30.91"
"03/13/2023","Reinvest Shares","TGT","TARGET CORP","0.2552","$157.6562","","-$40.23"
"03/10/2023","Reinvest Shares","MSFT","MICROSOFT CORP","0.0467","$250.4416","","-$11.69"
"03/10/2023","Qual Div Reinvest","TGT","TARGET CORP","","","","$40.23"
"03/09/2023","Reinvest Shares","ADI","ANALOG DEVICES INC","0.1078","$188.3011","","-$20.30"
"03/09/2023","Qual Div Reinvest","MSFT","MICROSOFT CORP","","","","$11.69"
"03/08/2023","Reinvest Shares","SCHR","SCHWAB INTERMEDIATE TERMUS TRS ETF","0.0396","$48.7593","","-$1.93"
"03/08/2023","Reinvest Shares","SCHO","SCHWAB SHORT TERM US TREASURY ETF","0.0514","$47.8499","","-$2.46"
"03/08/2023","Qual Div Reinvest","ADI","ANALOG DEVICES INC","","","","$20.30"
"03/07/2023","Reinvest Shares","VGLT","VANGUARD LONG TERM TREASURY ETF IV","0.0803","$62.4091","","-$5.01"
"03/07/2023","Reinvest Dividend","SCHR","SCHWAB INTERMEDIATE TERMUS TRS ETF","","","","$1.93"
"03/07/2023","Reinvest Dividend","SCHO","SCHWAB SHORT TERM US TREASURY ETF","","","","$2.46"
"03/06/2023","Reinvest Dividend","VGLT","VANGUARD LONG TERM TREASURY ETF IV","","","","$5.01"
"02/27/2023","Buy","O","REALTY INCOME CORP REIT","15","$65.4061","","-$981.09"
"02/27/2023","Buy","XLV","SELECT SECTOR HEALTH CARE SPDR ETF","23","$129.2072","","-$2971.77"
"02/27/2023","Buy","VGT","VANGUARD INFORMATION TECHNOLOGY ETF","11","$354.521","","-$3899.73"
"02/27/2023","Buy","XLC","COMMUNICAT SVS SLCT SEC SPDR ETF","83","$53.65","","-$4452.95"
"02/27/2023","Sell","IYJ","ISHARES US INDUSTRIALS ETF","39","$100.7701","$0.03","$3930.00"
"02/27/2023","Sell","DIS","WALT DISNEY CO","17","$100.9251","$0.01","$1715.72"
"02/27/2023","Sell","TNDM","TANDEM DIABETES CARE","82","$36.63","$0.02","$3003.64"
"02/27/2023","Sell","AMT","AMERN TOWER CORP REIT","0.8916","$199.03","","$177.46"
"02/27/2023","Sell","AMT","AMERN TOWER CORP REIT","18","$199.03","$0.03","$3582.51"
"02/27/2023","Sell","SONY","SONY GROUP CORP FSPONSORED ADR 1 ADR REPS 1 ORD SHS","49","$84.115","$0.03","$4121.61"
"02/27/2023","Sell","META","META PLATFORMS INC CLASS A","18","$171.34","$0.02","$3084.10"
"02/24/2023","Cash Merger","50187A107","L H C GROUP XXXMANDATORY MERGER EFF: 02/23/23","","","","$3230.00"
"02/24/2023","Cash Merger Adj","50187A107","L H C GROUP XXXMANDATORY MERGER EFF: 02/23/23","-19","","",""
"02/21/2023","Buy","CDNA","CAREDX INC","278","$14.3539","","-$3990.38"
"02/21/2023","Sell","XLV","SELECT SECTOR HEALTH CARE SPDR ETF","45","$130.825","$0.13","$5887.00"
"02/16/2023","Reinvest Shares","O","REALTY INCOME CORP REIT","0.2543","$66.2264","","-$16.84"
"02/16/2023 as of 02/15/2023","Bank Interest","","BANK INT ...523 SCHWAB BANK","","","","$5.03"
"02/15/2023","Non-Qualified Div","O","REALTY INCOME CORP REIT","","","","$16.84"
"02/08/2023","Reinvest Shares","SCHR","SCHWAB INTERMEDIATE TERMUS TRS ETF","0.0424","$49.7398","","-$2.11"
"02/08/2023","Reinvest Shares","SCHO","SCHWAB SHORT TERM US TREASURY ETF","0.0416","$48.3099","","-$2.01"
"02/08/2023","Buy","CDNA","CAREDX INC","125","$16.00","","-$2000.00"
"02/07/2023","Reinvest Shares","VGLT","VANGUARD LONG TERM TREASURY ETF IV","0.082","$65.0346","","-$5.33"
"02/07/2023","Reinvest Dividend","SCHR","SCHWAB INTERMEDIATE TERMUS TRS ETF","","","","$2.11"
"02/07/2023","Reinvest Dividend","SCHO","SCHWAB SHORT TERM US TREASURY ETF","","","","$2.01"
"02/07/2023","Buy","WM","WASTE MANAGEMENT INC","33","$149.72","","-$4940.76"
"02/06/2023","Reinvest Dividend","VGLT","VANGUARD LONG TERM TREASURY ETF IV","","","","$5.33"
"02/03/2023","Reinvest Shares","AMT","AMERN TOWER CORP REIT","0.1329","$220.1538","","-$29.26"
"02/02/2023","Reinvest Dividend","AMT","AMERN TOWER CORP REIT","","","","$29.26"
"01/31/2023","Buy","DG","DOLLAR GENERAL CORP","8","$228.395","","-$1827.16"
"01/26/2023","Reinvest Shares","CSCO","CISCO SYSTEMS INC","0.9353","$48.2286","","-$45.11"
"01/25/2023","Qual Div Reinvest","CSCO","CISCO SYSTEMS INC","","","","$45.11"
"01/17/2023","Reinvest Shares","O","REALTY INCOME CORP REIT","0.2504","$67.0114","","-$16.78"
"01/17/2023 as of 01/15/2023","Bank Interest","","BANK INT ...523 SCHWAB BANK","","","","$5.68"
"01/13/2023","Non-Qualified Div","O","REALTY INCOME CORP REIT","","","","$16.78"
"01/10/2023","Reinvest Shares","LIT","GLOBAL X LITHIUM & BATTERY TECH ETF","0.3771","$61.89","","-$23.34"
"01/09/2023","Pr Yr Div Reinvest","LIT","GLOBAL X LITHIUM & BATTERY TECH ETF","","","","$23.34"
"12/30/2022","Reinvest Shares","VGLT","VANGUARD LONG TERM TREASURY ETF IV","0.0847","$61.6052","","-$5.22"
"12/29/2022","Reinvest Dividend","VGLT","VANGUARD LONG TERM TREASURY ETF IV","","","","$5.22"
"12/23/2022","Reinvest Shares","XLE","ENERGY SELECT SECTOR SPDR ETF","0.4185","$86.2674","","-$36.10"
"12/23/2022","Reinvest Shares","XLV","SELECT SECTOR HEALTH CARE SPDR ETF","0.197","$135.4962","","-$26.69"
"12/23/2022","Reinvest Shares","XLP","SPDR FUND CONSUMER STAPLES ETF","0.4205","$74.7972","","-$31.45"
"12/23/2022","Reinvest Shares","SCHR","SCHWAB INTERMEDIATE TERMUS TRS ETF","0.0393","$49.5588","","-$1.95"
"12/23/2022","Reinvest Shares","SCHO","SCHWAB SHORT TERM US TREASURY ETF","0.0443","$48.3355","","-$2.14"
"12/22/2022","Reinvest Shares","FDIS","FIDELITY MSCI CONS DISCRINDX ETF","0.0734","$56.8399","","-$4.17"
"12/22/2022","Reinvest Dividend","XLE","ENERGY SELECT SECTOR SPDR ETF","","","","$36.10"
"12/22/2022","Reinvest Dividend","XLV","SELECT SECTOR HEALTH CARE SPDR ETF","","","","$26.69"
"12/22/2022","Reinvest Dividend","XLP","SPDR FUND CONSUMER STAPLES ETF","","","","$31.45"
"12/22/2022","Reinvest Dividend","SCHR","SCHWAB INTERMEDIATE TERMUS TRS ETF","","","","$1.95"
"12/22/2022","Reinvest Dividend","SCHO","SCHWAB SHORT TERM US TREASURY ETF","","","","$2.14"
"12/21/2022","Reinvest Shares","VGT","VANGUARD INFORMATION TECHNOLOGY ETF","0.0655","$324.9199","","-$21.28"
"12/21/2022","Reinvest Dividend","FDIS","FIDELITY MSCI CONS DISCRINDX ETF","","","","$4.17"
"12/20/2022","Reinvest Shares","IYJ","ISHARES US INDUSTRIALS ETF","0.202","$95.24","","-$19.24"
"12/20/2022","Reinvest Shares","IYG","ISHARES US FINANCIAL SERETF","0.363","$154.9208","","-$56.24"
"12/20/2022","Reinvest Dividend","VGT","VANGUARD INFORMATION TECHNOLOGY ETF","","","","$21.28"
"12/19/2022","Reinvest Dividend","IYJ","ISHARES US INDUSTRIALS ETF","","","","$19.24"
"12/19/2022","Reinvest Dividend","IYG","ISHARES US FINANCIAL SERETF","","","","$56.24"
"12/16/2022","Reinvest Shares","O","REALTY INCOME CORP REIT","0.2618","$63.7086","","-$16.68"
"12/16/2022","Reinvest Shares","HD","HOME DEPOT INC","0.1109","$322.6507","","-$35.79"
"12/16/2022","Reinvest Shares","NEE","NEXTERA ENERGY INC","0.2952","$83.9996","","-$24.80"
"12/16/2022","Reinvest Shares","MCD","MCDONALDS CORP","0.1139","$269.9599","","-$30.74"
"12/16/2022","Reinvest Shares","ADI","ANALOG DEVICES INC","0.1071","$166.7482","","-$17.86"
"12/16/2022 as of 12/15/2022","Bank Interest","","BANK INT ...522 SCHWAB BANK","","","","$5.09"
"12/15/2022","Non-Qualified Div","O","REALTY INCOME CORP REIT","","","","$16.68"
"12/15/2022","Qual Div Reinvest","NEE","NEXTERA ENERGY INC","","","","$24.80"
"12/15/2022","Qual Div Reinvest","HD","HOME DEPOT INC","","","","$35.79"
"12/15/2022","Qual Div Reinvest","ADI","ANALOG DEVICES INC","","","","$17.86"
"12/15/2022","Qual Div Reinvest","MCD","MCDONALDS CORP","","","","$30.74"
"12/13/2022","Reinvest Shares","TGT","TARGET CORP","0.2624","$152.2575","","-$39.95"
"12/12/2022 as of 12/10/2022","Qual Div Reinvest","TGT","TARGET CORP","","","","$39.95"
"12/09/2022","Reinvest Shares","MSFT","MICROSOFT CORP","0.0475","$245.6632","","-$11.66"
"12/08/2022","Reinvest Shares","SCHR","SCHWAB INTERMEDIATE TERMUS TRS ETF","0.0356","$50.065","","-$1.78"
"12/08/2022","Reinvest Shares","SCHO","SCHWAB SHORT TERM US TREASURY ETF","0.032","$48.3785","","-$1.55"
"12/08/2022","ADR Mgmt Fee","SONY","SONY GROUP CORP FSPONSORED ADR 1 ADR REPS 1 ORD SHS","","","","-$1.55"
"12/08/2022","Foreign Tax Paid","SONY","SONY GROUP CORP FSPONSORED ADR 1 ADR REPS 1 ORD SHS","","","","-$1.26"
"12/08/2022","Qualified Dividend","SONY","SONY GROUP CORP FSPONSORED ADR 1 ADR REPS 1 ORD SHS","","","","$12.64"
"12/08/2022","Qual Div Reinvest","MSFT","MICROSOFT CORP","","","","$11.66"
"12/07/2022","Reinvest Shares","VGLT","VANGUARD LONG TERM TREASURY ETF IV","0.0736","$66.4756","","-$4.89"
"12/07/2022","Reinvest Dividend","SCHR","SCHWAB INTERMEDIATE TERMUS TRS ETF","","","","$1.78"
"12/07/2022","Reinvest Dividend","SCHO","SCHWAB SHORT TERM US TREASURY ETF","","","","$1.55"
"12/06/2022","Reinvest Dividend","VGLT","VANGUARD LONG TERM TREASURY ETF IV","","","","$4.89"
"11/16/2022","Reinvest Shares","O","REALTY INCOME CORP REIT","0.2579","$64.4514","","-$16.62"
"11/16/2022 as of 11/15/2022","Bank Interest","","BANK INT ...522 SCHWAB BANK","","","","$5.49"
"11/15/2022","Non-Qualified Div","O","REALTY INCOME CORP REIT","","","","$16.62"
"11/08/2022","Reinvest Shares","SCHR","SCHWAB INTERMEDIATE TERMUS TRS ETF","0.0354","$48.3593","","-$1.71"
"11/08/2022","Reinvest Shares","SCHO","SCHWAB SHORT TERM US TREASURY ETF","0.0296","$47.9458","","-$1.42"
"11/07/2022","Reinvest Shares","VGLT","VANGUARD LONG TERM TREASURY ETF IV","0.0877","$58.124","","-$5.10"
"11/07/2022","Reinvest Dividend","SCHR","SCHWAB INTERMEDIATE TERMUS TRS ETF","","","","$1.71"
"11/07/2022","Reinvest Dividend","SCHO","SCHWAB SHORT TERM US TREASURY ETF","","","","$1.42"
"11/04/2022","Reinvest Dividend","VGLT","VANGUARD LONG TERM TREASURY ETF IV","","","","$5.10"
"10/27/2022","Reinvest Shares","CSCO","CISCO SYSTEMS INC","0.9952","$44.9465","","-$44.73"
"10/27/2022","Reinvest Shares","AMT","AMERN TOWER CORP REIT","0.1356","$201.8456","","-$27.38"
"10/26/2022","Reinvest Dividend","AMT","AMERN TOWER CORP REIT","","","","$27.38"
"10/26/2022","Qual Div Reinvest","CSCO","CISCO SYSTEMS INC","","","","$44.73"
"10/21/2022","Buy","O","REALTY INCOME CORP REIT","67","$57.035","","-$3821.35"
"10/21/2022","Sell","NURE","NUVEEN SHORT TERM REIT ETF","0.1133","$28.98","","$3.28"
"10/21/2022","Sell","NURE","NUVEEN SHORT TERM REIT ETF","133","$28.98","$0.09","$3854.25"
"10/21/2022","Buy","XLP","SPDR FUND CONSUMER STAPLES ETF","59","$67.81","","-$4000.79"
"10/21/2022","Buy","TGT","TARGET CORP","6","$155.475","","-$932.85"
"10/21/2022","Buy","XLE","ENERGY SELECT SECTOR SPDR ETF","42","$85.218","","-$3579.16"
"10/21/2022","Buy","XLV","SELECT SECTOR HEALTH CARE SPDR ETF","48","$123.57","","-$5931.36"
"10/21/2022","Sell","VGT","VANGUARD INFORMATION TECHNOLOGY ETF","1","$311.02","$0.01","$311.01"
"10/21/2022","Sell","CVNA","CARVANA CO CLASS A","26","$14.03","$0.01","$364.77"
"10/21/2022","Sell","FTEC","FIDELITY MSCI INFOR TECHINDX ETF","0.302","$92.0382","","$27.80"
"10/21/2022","Sell","FTEC","FIDELITY MSCI INFOR TECHINDX ETF","81","$92.0382","$0.17","$7454.92"
"10/21/2022","Sell","ADBE","ADOBE INC","13","$301.44","$0.09","$3918.63"
"10/17/2022 as of 10/15/2022","Bank Interest","","BANK INT ...522 SCHWAB BANK","","","","$4.83"
"10/10/2022","Reinvest Shares","SCHR","SCHWAB INTERMEDIATE TERMUS TRS ETF","0.0367","$48.7599","","-$1.79"
"10/10/2022","Reinvest Shares","SCHO","SCHWAB SHORT TERM US TREASURY ETF","0.0291","$48.1488","","-$1.40"
"10/07/2022","Reinvest Dividend","SCHR","SCHWAB INTERMEDIATE TERMUS TRS ETF","","","","$1.79"
"10/07/2022","Reinvest Dividend","SCHO","SCHWAB SHORT TERM US TREASURY ETF","","","","$1.40"
"10/07/2022","Reinvest Shares","VGLT","VANGUARD LONG TERM TREASURY ETF IV","0.0809","$61.9643","","-$5.01"
"10/06/2022","Reinvest Dividend","VGLT","VANGUARD LONG TERM TREASURY ETF IV","","","","$5.01"
"10/05/2022","Reinvest Shares","VGT","VANGUARD INFORMATION TECHNOLOGY ETF","0.0601","$321.8929","","-$19.36"
"10/04/2022 as of 10/03/2022","Reinvest Dividend","VGT","VANGUARD INFORMATION TECHNOLOGY ETF","","","","$19.36"
"10/03/2022","Reinvest Shares","NURE","NUVEEN SHORT TERM REIT ETF","0.8572","$29.865","","-$25.60"
"10/03/2022","Reinvest Shares","IYJ","ISHARES US INDUSTRIALS ETF","0.2616","$84.93","","-$22.22"
"10/03/2022","Reinvest Shares","IYG","ISHARES US FINANCIAL SERETF","0.384","$142.596","","-$54.76"
"09/30/2022","Reinvest Dividend","NURE","NUVEEN SHORT TERM REIT ETF","","","","$25.60"
"09/30/2022","Reinvest Dividend","IYJ","ISHARES US INDUSTRIALS ETF","","","","$22.22"
"09/30/2022","Reinvest Dividend","IYG","ISHARES US FINANCIAL SERETF","","","","$54.76"
"09/22/2022","Reinvest Shares","FTEC","FIDELITY MSCI INFOR TECHINDX ETF","0.1854","$95.8095","","-$17.76"
"09/22/2022","Reinvest Shares","FDIS","FIDELITY MSCI CONS DISCRINDX ETF","0.067","$64.2842","","-$4.31"
"09/21/2022","Reinvest Dividend","FTEC","FIDELITY MSCI INFOR TECHINDX ETF","","","","$17.76"
"09/21/2022","Reinvest Dividend","FDIS","FIDELITY MSCI CONS DISCRINDX ETF","","","","$4.31"
"09/19/2022","Reinvest Shares","MCD","MCDONALDS CORP","0.1084","$256.1287","","-$27.76"
"09/16/2022","Reinvest Shares","NEE","NEXTERA ENERGY INC","0.2882","$85.6026","","-$24.67"
"09/16/2022","Reinvest Shares","HD","HOME DEPOT INC","0.1298","$273.8928","","-$35.54"
"09/16/2022","Qual Div Reinvest","MCD","MCDONALDS CORP","","","","$27.76"
"09/16/2022 as of 09/15/2022","Bank Interest","","BANK INT ...522 SCHWAB BANK","","","","$3.78"
"09/15/2022","Qual Div Reinvest","NEE","NEXTERA ENERGY INC","","","","$24.67"
"09/15/2022","Qual Div Reinvest","HD","HOME DEPOT INC","","","","$35.54"
"09/13/2022","Reinvest Shares","TGT","TARGET CORP","0.1942","$171.2578","","-$33.26"
"09/12/2022 as of 09/10/2022","Qual Div Reinvest","TGT","TARGET CORP","","","","$33.26"
"09/09/2022","Reinvest Shares","SCHR","SCHWAB INTERMEDIATE TERMUS TRS ETF","0.0346","$50.609","","-$1.75"
"09/09/2022","Reinvest Shares","SCHO","SCHWAB SHORT TERM US TREASURY ETF","0.0262","$48.81","","-$1.28"
"09/09/2022","Reinvest Shares","MSFT","MICROSOFT CORP","0.0403","$263.5771","","-$10.61"
"09/09/2022","Reinvest Shares","ADI","ANALOG DEVICES INC","0.1155","$153.8784","","-$17.77"
"09/08/2022","Qual Div Reinvest","MSFT","MICROSOFT CORP","","","","$10.61"
"09/08/2022","Reinvest Shares","VGLT","VANGUARD LONG TERM TREASURY ETF IV","0.0742","$67.1043","","-$4.98"
"09/08/2022","Reinvest Dividend","SCHR","SCHWAB INTERMEDIATE TERMUS TRS ETF","","","","$1.75"
"09/08/2022","Reinvest Dividend","SCHO","SCHWAB SHORT TERM US TREASURY ETF","","","","$1.28"
"09/08/2022","Qual Div Reinvest","ADI","ANALOG DEVICES INC","","","","$17.77"
"09/07/2022","Reinvest Dividend","VGLT","VANGUARD LONG TERM TREASURY ETF IV","","","","$4.98"
"08/16/2022 as of 08/15/2022","Bank Interest","","BANK INT ...522 SCHWAB BANK","","","","$2.90"
