"Date","Action","Symbol","Description","Quantity","Price","Fees & Comm","Amount"
"08/11/2026","Reinvest Shares","NUE","NUCOR CORP","0.1029","$274.5087","","-$28.25"
"08/11/2026","Qual Div Reinvest","NUE","NUCOR CORP","","","","$28.25"
"08/10/2026","Reinvest Shares","BX","BLACKSTONE INC","0.4515","$139.1948","","-$62.84"
"08/10/2026","Qual Div Reinvest","BX","BLACKSTONE INC","","","","$62.84"
"08/07/2026","Reinvest Shares","MA","MASTERCARD INC CLASS CLASS A","0.0169","$567.4086","","-$9.59"
"08/07/2026","Reinvest Shares","COST","COSTCO WHSL CORP NEW","0.0066","$946.4153","","-$6.24"
"08/07/2026","Qual Div Reinvest","MA","MASTERCARD INC CLASS CLASS A","","","","$9.59"
"08/07/2026","Qual Div Reinvest","COST","COSTCO WHSL CORP NEW","","","","$6.24"
"08/05/2026","Reinvest Shares","VCSH","VANGUARD SHORT TERM COR BD ETF","0.3213","$78.59","","-$25.25"
"08/05/2026","Reinvest Dividend","VCSH","VANGUARD SHORT TERM COR BD ETF","","","","$25.25"
"07/31/2026","Reinvest Shares","SYK","STRYKER CORP","0.044","$322.1446","","-$14.19"
"07/31/2026","Qual Div Reinvest","SYK","STRYKER CORP","","","","$14.19"
"07/24/2026","Reinvest Shares","ORCL","ORACLE CORP","0.079","$117.5813","","-$9.29"
"07/24/2026","Qual Div Reinvest","ORCL","ORACLE CORP","","","","$9.29"
"07/16/2026 as of 07/15/2026","Bank Interest","","BANK INT ...526 SCHWAB BANK","","","","$0.06"
"07/10/2026","Reinvest Shares","QQQ","INVESCO QQQ TR","0.0271","$723.25","","-$19.57"
"07/10/2026","Reinvest Dividend","QQQ","INVESCO QQQ TR","","","","$19.57"
"07/09/2026","Foreign Tax Paid","TSM","TAIWAN SEMICONDUCTOR M FSPONSORED ADR 1 ADR REPS 5 ORD SHS","","","","-$2.76"
"07/09/2026","Qualified Dividend","TSM","TAIWAN SEMICONDUCTOR M FSPONSORED ADR 1 ADR REPS 5 ORD SHS","","","","$13.15"
"07/06/2026","Reinvest Shares","VCSH","VANGUARD SHORT TERM COR BD ETF","0.3072","$78.78","","-$24.20"
"07/06/2026","Reinvest Dividend","VCSH","VANGUARD SHORT TERM COR BD ETF","","","","$24.20"
"07/02/2026 as of 07/01/2026","Cash In Lieu","MBGL","MOBILITY GLOBAL INC","","","","$0.65"
"07/02/2026","Mandatory Reorg Exc","XOM","EXXONMOBIL HLDGS CORP","14.1925","","",""
"07/02/2026","Mandatory Reorg Exc","30231G102","EXXON MOBIL CORP XXXNAME CHANGE EFF: 07/02/26","-14.1925","","",""
"07/02/2026 as of 07/01/2026","Stock Split","CRWD","CROWDSTRIKE HLDGS INC CLASS CLASS A","30","$193.185","",""
"07/01/2026","Reinvest Shares","KO","THE COCA-COLA CO","0.6827","$81.5329","","-$55.66"
"07/01/2026","Spin-off","MBGL","MOBILITY GLOBAL INC","14","","",""
"07/01/2026","Qual Div Reinvest","KO","THE COCA-COLA CO","","","","$55.66"
"06/30/2026","Reinvest Shares","HCA","HCA HEALTHCARE INC","0.0224","$387.9895","","-$8.71"
"06/30/2026","Reinvest Shares","VUG","VANGUARD GROWTH INDEX FUND ETF SHARES","0.1545","$86.06","","-$13.30"
"06/30/2026","Reinvest Shares","VOO","VANGUARD S&P ...500 ETF","0.1753","$686.4199","","-$120.33"
"06/30/2026","Reinvest Shares","VTI","VANGUARD TOTAL STOCK MARKET INDEX FUND ETF SHARES","0.0936","$369.9999","","-$34.65"
"06/30/2026","Reinvest Shares","DLR","DIGITAL RLTY TR INC REIT","0.1753","$181.5233","","-$31.83"
"06/30/2026","Non-Qualified Div","DLR","DIGITAL RLTY TR INC REIT","","","","$31.83"
"06/30/2026","Reinvest Dividend","VTI","VANGUARD TOTAL STOCK MARKET INDEX FUND ETF SHARES","","","","$34.65"
"06/30/2026","Reinvest Dividend","VOO","VANGUARD S&P ...500 ETF","","","","$120.33"
"06/30/2026","Qual Div Reinvest","HCA","HCA HEALTHCARE INC","","","","$8.71"
"06/30/2026","Reinvest Dividend","VUG","VANGUARD GROWTH INDEX FUND ETF SHARES","","","","$13.30"
"06/30/2026","Qualified Dividend","TKO","TKO GROUP HLDGS INC CLASS A","","","","$18.17"
"06/26/2026","Reinvest Shares","VIS","VANGUARD INDUSTRIALS INDEX FUND ETF SHARES","0.0407","$353.72","","-$14.39"
"06/26/2026","Reinvest Shares","RSPN","INVESCO S&P ...500 EQUAL WEIGHT INDUSTRIALS ETF","0.1382","$63.39","","-$8.76"
"06/26/2026","Reinvest Shares","NVDA","NVIDIA CORP","0.0449","$194.6785","","-$8.75"
"06/26/2026","Reinvest Shares","VFH","VANGUARD FINANCIALS INDEX FUND ETF SHARES","0.6469","$131.59","","-$85.13"
"06/26/2026","Reinvest Shares","VHT","VANGUARD HEALTH CARE INDEX FUND ETF SHARES","0.1542","$299.33","","-$46.16"
"06/26/2026","Reinvest Dividend","VIS","VANGUARD INDUSTRIALS INDEX FUND ETF SHARES","","","","$14.39"
"06/26/2026","Reinvest Dividend","RSPN","INVESCO S&P ...500 EQUAL WEIGHT INDUSTRIALS ETF","","","","$8.76"
"06/26/2026","Qual Div Reinvest","NVDA","NVIDIA CORP","","","","$8.75"
"06/26/2026","Reinvest Dividend","VHT","VANGUARD HEALTH CARE INDEX FUND ETF SHARES","","","","$46.16"
"06/26/2026","Reinvest Dividend","VFH","VANGUARD FINANCIALS INDEX FUND ETF SHARES","","","","$85.13"
"06/25/2026","Reinvest Shares","META","META PLATFORMS INC CLASS A","0.0154","$546.894","","-$8.44"
"06/25/2026","Qual Div Reinvest","META","META PLATFORMS INC CLASS A","","","","$8.44"
"06/24/2026","Reinvest Shares","XLE","STATE STREET ENERGY SELECT SECTOR SPDR ETF","0.4716","$53.3978","","-$25.18"
"06/24/2026","Reinvest Shares","XLU","STATE STREET UTILITIES SELECT SECTOR SPDR ETF","1.145","$45.178","","-$51.73"
"06/24/2026","Reinvest Shares","XLP","STATE STREET CONSUMER STAPLES SELECT SECTOR SPDR ETF","0.449","$84.23","","-$37.82"
"06/24/2026","Reinvest Shares","XLF","STATE STREET FINANCIAL SELECT SECTOR SPDR ETF","0.4575","$53.64","","-$24.54"
"06/24/2026","Reinvest Shares","XLB","STATE STREET MATERIALS SELECT SECTOR SPDR ETF","0.2603","$51.21","","-$13.33"
"06/24/2026","Reinvest Shares","XLC","STATE STREET COMMUNICATION SERVICES SELECT SECTOR SPDR ETF","0.0337","$107.42","","-$3.62"
"06/24/2026","Reinvest Dividend","XLP","STATE STREET CONSUMER STAPLES SELECT SECTOR SPDR ETF","","","","$37.82"
"06/24/2026","Reinvest Dividend","XLB","STATE STREET MATERIALS SELECT SECTOR SPDR ETF","","","","$13.33"
"06/24/2026","Reinvest Dividend","XLU","STATE STREET UTILITIES SELECT SECTOR SPDR ETF","","","","$51.73"
"06/24/2026","Reinvest Dividend","XLF","STATE STREET FINANCIAL SELECT SECTOR SPDR ETF","","","","$24.54"
"06/24/2026","Reinvest Dividend","XLC","STATE STREET COMMUNICATION SERVICES SELECT SECTOR SPDR ETF","","","","$3.62"
"06/24/2026","Reinvest Dividend","XLE","STATE STREET ENERGY SELECT SECTOR SPDR ETF","","","","$25.18"
"06/23/2026","Reinvest Shares","FTEC","FIDELITY MSCI INFORMATION TECHNOLOGY INDEX ETF","0.1839","$279.524","","-$51.41"
"06/23/2026","Reinvest Shares","FDIS","FIDELITY MSCI CONSUMER DISCRETIONARY INDEX ETF","0.3586","$99.7451","","-$35.77"
"06/23/2026","Reinvest Dividend","FTEC","FIDELITY MSCI INFORMATION TECHNOLOGY INDEX ETF","","","","$51.41"
"06/23/2026","Reinvest Dividend","FDIS","FIDELITY MSCI CONSUMER DISCRETIONARY INDEX ETF","","","","$35.77"
"06/18/2026","Reinvest Shares","WM","WASTE MGMT INC DEL","0.0897","$215.0358","","-$19.29"
"06/18/2026","Reinvest Shares","IGV","ISHARES EXPANDED TECH-SOFTWARE SECTOR ETF","0.0142","$88.6355","","-$1.26"
"06/18/2026","Reinvest Shares","HD","HOME DEPOT INC","0.0697","$336.7564","","-$23.47"
"06/18/2026","Qual Div Reinvest","WM","WASTE MGMT INC DEL","","","","$19.29"
"06/18/2026","Qual Div Reinvest","HD","HOME DEPOT INC","","","","$23.47"
"06/18/2026","Reinvest Dividend","IGV","ISHARES EXPANDED TECH-SOFTWARE SECTOR ETF","","","","$1.26"
"06/16/2026 as of 06/15/2026","Bank Interest","","BANK INT ...526 SCHWAB BANK","","","","$0.06"
"06/15/2026","Reinvest Shares","GOOG","ALPHABET INC CLASS CLASS C","0.0505","$368.8487","","-$18.63"
"06/15/2026","Qual Div Reinvest","GOOG","ALPHABET INC CLASS CLASS C","","","","$18.63"
"06/12/2026","Reinvest Shares","PFE","PFIZER INC","3.2601","$26.3032","","-$85.75"
"06/12/2026","Qual Div Reinvest","PFE","PFIZER INC","","","","$85.75"
"06/11/2026","Reinvest Shares","MSFT","MICROSOFT CORP","0.0845","$392.168","","-$33.15"
"06/11/2026","Reinvest Shares","TMUS","T-MOBILE US INC","0.109","$187.1297","","-$20.40"
"06/11/2026","Qual Div Reinvest","TMUS","T-MOBILE US INC","","","","$20.40"
"06/11/2026","Qual Div Reinvest","MSFT","MICROSOFT CORP","","","","$33.15"
"06/10/2026","Reinvest Shares","SPGI","S&P GLOBAL INC","0.0317","$428.1181","","-$13.58"
"06/10/2026","Reinvest Shares","XOM","EXXON MOBIL CORP","0.0962","$151.0012","","-$14.52"
"06/10/2026","Reinvest Shares","LLY","ELI LILLY AND CO","0.0105","$1153.5594","","-$12.15"
"06/10/2026","Qual Div Reinvest","SPGI","S&P GLOBAL INC","","","","$13.58"
"06/10/2026","Qual Div Reinvest","XOM","EXXON MOBIL CORP","","","","$14.52"
"06/10/2026","Qual Div Reinvest","LLY","ELI LILLY AND CO","","","","$12.15"
"06/05/2026","Qualified Dividend","CEG","CONSTELLATION ENERGY COR","","","","$6.82"
"06/03/2026","Reinvest Shares","VCSH","VANGUARD SHORT TERM COR BD ETF","0.3155","$78.77","","-$24.85"
"06/03/2026","Reinvest Dividend","VCSH","VANGUARD SHORT TERM COR BD ETF","","","","$24.85"
"06/01/2026","Reinvest Shares","V","VISA INC CLASS A","0.0683","$323.9217","","-$22.12"
"06/01/2026","Qual Div Reinvest","V","VISA INC CLASS A","","","","$22.12"
"05/26/2026","Reinvest Shares","HWM","HOWMET AEROSPACE INC","0.0037","$260.6186","","-$0.96"
"05/26/2026","Reinvest Shares","WMT","WALMART INC","0.1153","$119.1971","","-$13.74"
"05/26/2026","Qual Div Reinvest","WMT","WALMART INC","","","","$13.74"
"05/26/2026","Qual Div Reinvest","HWM","HOWMET AEROSPACE INC","","","","$0.96"
"05/19/2026","Reinvest Shares","CAT","CATERPILLAR INC","0.0423","$850.9524","","-$35.97"
"05/19/2026","Qual Div Reinvest","CAT","CATERPILLAR INC","","","","$35.97"
"05/18/2026 as of 05/15/2026","Bank Interest","","BANK INT ...526 SCHWAB BANK","","","","$0.05"
"05/15/2026","Reinvest Shares","COST","COSTCO WHSL CORP NEW","0.006","$1045.0311","","-$6.23"
"05/15/2026","Bond Interest","91282CLW9","US TREASUR NT 4.25%11/34UST NOTE DUE 11/15/34","","","","$531.25"
"05/15/2026","Qual Div Reinvest","COST","COSTCO WHSL CORP NEW","","","","$6.23"
"05/14/2026","Reinvest Shares","AAPL","APPLE INC","0.0577","$298.1514","","-$17.20"
"05/14/2026","Qual Div Reinvest","AAPL","APPLE INC","","","","$17.20"
"05/13/2026","Foreign Tax Paid","SBGSF","SCHNEIDER ELECTRIC ORDF","","","","-$22.12"
"05/13/2026","Qualified Dividend","SBGSF","SCHNEIDER ELECTRIC ORDF","","","","$88.46"
"05/11/2026","Reinvest Shares","NUE","NUCOR CORP","0.1226","$229.7912","","-$28.18"
"05/11/2026","Reinvest Shares","BX","BLACKSTONE INC","0.4544","$123.1831","","-$55.98"
"05/11/2026","Qual Div Reinvest","BX","BLACKSTONE INC","","","","$55.98"
"05/11/2026","Qual Div Reinvest","NUE","NUCOR CORP","","","","$28.18"
"05/08/2026","Reinvest Shares","MA","MASTERCARD INC CLASS CLASS A","0.0194","$494.4297","","-$9.57"
"05/08/2026","Qual Div Reinvest","MA","MASTERCARD INC CLASS CLASS A","","","","$9.57"
"05/05/2026","Reinvest Shares","VCSH","VANGUARD SHORT TERM COR BD ETF","0.3073","$78.98","","-$24.27"
"05/05/2026","Reinvest Dividend","VCSH","VANGUARD SHORT TERM COR BD ETF","","","","$24.27"
"04/30/2026","Reinvest Shares","SYK","STRYKER CORP","0.0447","$316.6687","","-$14.15"
"04/30/2026","Qual Div Reinvest","SYK","STRYKER CORP","","","","$14.15"
"04/24/2026","Reinvest Shares","ORCL","ORACLE CORP","0.053","$174.6184","","-$9.26"
"04/24/2026","Qual Div Reinvest","ORCL","ORACLE CORP","","","","$9.26"
"04/22/2026 as of 04/20/2026","Cash In Lieu","VUG","VANGUARD GROWTH INDEX FUND ETF SHARES","","","","$20.93"
"04/21/2026 as of 04/20/2026","Stock Split","VUG","VANGUARD GROWTH INDEX FUND ETF SHARES","120","$82.0967","",""
"04/16/2026 as of 04/15/2026","Bank Interest","","BANK INT ...526 SCHWAB BANK","","","","$0.04"
"04/10/2026","Buy","VHT","VANGUARD HEALTH CARE INDEX FUND ETF SHARES","25","$276.7648","","-$6919.12"
"04/10/2026","Buy","TMUS","T-MOBILE US INC","20","$198.1797","","-$3963.59"
"04/10/2026","Sell","XLC","STATE STREET COMMUNICATION SERVICES SELECT SECTOR SPDR ETF","35","$114.4701","$0.09","$4006.36"
"04/10/2026","Sell","CVS","CVS HEALTH CORP","89.2765","$79.2751","$0.17","$7077.23"
"04/09/2026","Foreign Tax Paid","TSM","TAIWAN SEMICONDUCTOR M FSPONSORED ADR 1 ADR REPS 5 ORD SHS","","","","-$2.76"
"04/09/2026","Qualified Dividend","TSM","TAIWAN SEMICONDUCTOR M FSPONSORED ADR 1 ADR REPS 5 ORD SHS","","","","$13.15"
"04/06/2026","Reinvest Shares","WMT","WALMART INC","0.1082","$126.7474","","-$13.71"
"04/06/2026","Reinvest Shares","VCSH","VANGUARD SHORT TERM COR BD ETF","0.3127","$79.02","","-$24.71"
"04/06/2026","Qual Div Reinvest","WMT","WALMART INC","","","","$13.71"
"04/06/2026","Reinvest Dividend","VCSH","VANGUARD SHORT TERM COR BD ETF","","","","$24.71"
"04/01/2026","Reinvest Shares","KO","THE COCA-COLA CO","0.7296","$75.7559","","-$55.27"
"04/01/2026","Qual Div Reinvest","KO","THE COCA-COLA CO","","","","$55.27"
"03/31/2026","Reinvest Shares","VTI","VANGUARD TOTAL STOCK MARKET INDEX FUND ETF SHARES","0.1033","$319.76","","-$33.03"
"03/31/2026","Reinvest Shares","VUG","VANGUARD GROWTH INDEX FUND ETF SHARES","0.0263","$435.85","","-$11.48"
"03/31/2026","Reinvest Shares","DLR","DIGITAL RLTY TR INC REIT","0.1761","$179.4525","","-$31.61"
"03/31/2026","Reinvest Shares","HCA","HCA HEALTHCARE INC","0.0186","$466.971","","-$8.69"
"03/31/2026","Reinvest Dividend","VTI","VANGUARD TOTAL STOCK MARKET INDEX FUND ETF SHARES","","","","$33.03"
"03/31/2026","Reinvest Dividend","VUG","VANGUARD GROWTH INDEX FUND ETF SHARES","","","","$11.48"
"03/31/2026","Reinvest Shares","VOO","VANGUARD S&P ...500 ETF","0.2194","$589.73","","-$129.39"
"03/31/2026","Non-Qualified Div","DLR","DIGITAL RLTY TR INC REIT","","","","$31.61"
"03/31/2026","Qual Div Reinvest","HCA","HCA HEALTHCARE INC","","","","$8.69"
"03/31/2026","Reinvest Dividend","VOO","VANGUARD S&P ...500 ETF","","","","$129.39"
"03/31/2026","Qualified Dividend","TKO","TKO GROUP HLDGS INC CLASS A","","","","$17.94"
"03/27/2026","Reinvest Shares","WM","WASTE MGMT INC DEL","0.0845","$227.2782","","-$19.21"
"03/27/2026","Reinvest Shares","RSPN","INVESCO S&P ...500 EQUAL WEIGHT INDUSTRIALS ETF","0.1274","$57.0489","","-$7.27"
"03/27/2026","Reinvest Shares","QQQ","INVESCO QQQ TR","0.0311","$566.7997","","-$17.61"
"03/27/2026","Buy","NVDA","NVIDIA CORP","35","$170.59","","-$5970.65"
"03/27/2026","Sell","VOO","VANGUARD S&P ...500 ETF","8","$590.24","","$4721.92"
"03/27/2026","Sell","FTEC","FIDELITY MSCI INFORMATION TECHNOLOGY INDEX ETF","24","$206.4451","","$4954.68"
"03/27/2026","Qual Div Reinvest","WM","WASTE MGMT INC DEL","","","","$19.21"
"03/27/2026","Reinvest Dividend","QQQ","INVESCO QQQ TR","","","","$17.61"
"03/27/2026","Reinvest Dividend","RSPN","INVESCO S&P ...500 EQUAL WEIGHT INDUSTRIALS ETF","","","","$7.27"
"03/26/2026","Reinvest Shares","HD","HOME DEPOT INC","0.071","$328.0529","","-$23.30"
"03/26/2026","Reinvest Shares","VHT","VANGUARD HEALTH CARE INDEX FUND ETF SHARES","0.0794","$271.76","","-$21.57"
"03/26/2026","Reinvest Shares","VFH","VANGUARD FINANCIALS INDEX FUND ETF SHARES","0.3153","$119.84","","-$37.78"
"03/26/2026","Reinvest Shares","VIS","VANGUARD INDUSTRIALS INDEX FUND ETF SHARES","0.0477","$312.23","","-$14.88"
"03/26/2026","Reinvest Shares","META","META PLATFORMS INC CLASS CLASS A","0.0153","$552.2032","","-$8.43"
"03/26/2026","Qual Div Reinvest","HD","HOME DEPOT INC","","","","$23.30"
"03/26/2026","Reinvest Dividend","VHT","VANGUARD HEALTH CARE INDEX FUND ETF SHARES","","","","$21.57"
"03/26/2026","Reinvest Dividend","VFH","VANGUARD FINANCIALS INDEX FUND ETF SHARES","","","","$37.78"
"03/26/2026","Qual Div Reinvest","META","META PLATFORMS INC CLASS CLASS A","","","","$8.43"
"03/26/2026","Reinvest Dividend","VIS","VANGUARD INDUSTRIALS INDEX FUND ETF SHARES","","","","$14.88"
"03/25/2026","Buy","NFLX","NETFLIX INC","19","$92.225","","-$1752.28"
"03/25/2026","Sell","VOO","VANGUARD S&P ...500 ETF","4","$605.1551","","$2420.62"
"03/25/2026","Reinvest Shares","XLP","STATE STREET CONSUMER STAPLES SELECT SECTOR SPDR ETF","0.3691","$80.74","","-$29.80"
"03/25/2026","Reinvest Shares","XLB","STATE STREET MATERIALS SELECT SECTOR SPDR ETF","0.2934","$48.74","","-$14.30"
"03/25/2026","Reinvest Shares","XLE","STATE STREET ENERGY SELECT SECTOR SPDR ETF","0.4117","$60.819","","-$25.04"
"03/25/2026","Reinvest Shares","XLC","STATE STREET COMMUNICATION SERVICES SELECT SECTOR SPDR ETF","0.1524","$111.53","","-$17.00"
"03/25/2026","Reinvest Shares","XLU","STATE STREET UTILITIES SELECT SECTOR SPDR ETF","1.2335","$45.39","","-$55.99"
"03/25/2026","Reinvest Shares","XLF","STATE STREET FINANCIAL SELECT SECTOR SPDR ETF","0.6638","$49.44","","-$32.82"
"03/25/2026","Reinvest Dividend","XLU","STATE STREET UTILITIES SELECT SECTOR SPDR ETF","","","","$55.99"
"03/25/2026","Reinvest Dividend","XLE","STATE STREET ENERGY SELECT SECTOR SPDR ETF","","","","$25.04"
"03/25/2026","Reinvest Dividend","XLC","STATE STREET COMMUNICATION SERVICES SELECT SECTOR SPDR ETF","","","","$17.00"
"03/25/2026","Reinvest Dividend","XLF","STATE STREET FINANCIAL SELECT SECTOR SPDR ETF","","","","$32.82"
"03/25/2026","Reinvest Dividend","XLP","STATE STREET CONSUMER STAPLES SELECT SECTOR SPDR ETF","","","","$29.80"
"03/25/2026","Reinvest Dividend","XLB","STATE STREET MATERIALS SELECT SECTOR SPDR ETF","","","","$14.30"
"03/24/2026","Reinvest Shares","FTEC","FIDELITY MSCI INFORMATION TECHNOLOGY INDEX ETF","0.21","$212.2083","","-$44.57"
"03/24/2026","Reinvest Shares","FDIS","FIDELITY MSCI CONSUMER DISCRETIONARY INDEX ETF","0.397","$93.938","","-$37.29"
"03/24/2026","Buy","NFLX","NETFLIX INC","24","$92.285","","-$2214.84"
"03/24/2026","Sell","FDIS","FIDELITY MSCI CONSUMER DISCRETIONARY INDEX ETF","21","$93.905","","$1972.01"
"03/24/2026","Reinvest Dividend","FTEC","FIDELITY MSCI INFORMATION TECHNOLOGY INDEX ETF","","","","$44.57"
"03/24/2026","Reinvest Dividend","FDIS","FIDELITY MSCI CONSUMER DISCRETIONARY INDEX ETF","","","","$37.29"
"03/20/2026","Qualified Dividend","CEG","CONSTELLATION ENERGY COR","","","","$6.82"
"03/16/2026","Reinvest Shares","GOOG","ALPHABET INC CLASS CLASS C","0.0584","$304.5218","","-$17.77"
"03/16/2026","Qual Div Reinvest","GOOG","ALPHABET INC CLASS CLASS C","","","","$17.77"
"03/16/2026 as of 03/15/2026","Bank Interest","","BANK INT ...526 SCHWAB BANK","","","","$0.04"
"03/12/2026","Reinvest Shares","MSFT","MICROSOFT CORP","0.082","$403.5578","","-$33.08"
"03/12/2026","Qual Div Reinvest","MSFT","MICROSOFT CORP","","","","$33.08"
"03/10/2026","Reinvest Shares","LLY","ELI LILLY AND CO","0.0121","$1001.6141","","-$12.13"
"03/10/2026","Reinvest Shares","XOM","EXXON MOBIL CORP","0.0963","$149.7923","","-$14.42"
"03/10/2026","Qual Div Reinvest","LLY","ELI LILLY AND CO","","","","$12.13"
"03/10/2026","Qual Div Reinvest","XOM","EXXON MOBIL CORP","","","","$14.42"
"03/06/2026","Reinvest Shares","PFE","PFIZER INC","3.1892","$26.4581","","-$84.38"
"03/06/2026","Qual Div Reinvest","PFE","PFIZER INC","","","","$84.38"
"03/04/2026","Reinvest Shares","VCSH","VANGUARD SHORT TERM COR BD ETF","0.281","$79.76","","-$22.41"
"03/04/2026","Reinvest Dividend","VCSH","VANGUARD SHORT TERM COR BD ETF","","","","$22.41"
"03/02/2026","Reinvest Shares","V","VISA INC CLASS CLASS A","0.0694","$318.2301","","-$22.07"
"03/02/2026","Qual Div Reinvest","V","VISA INC CLASS CLASS A","","","","$22.07"
"02/27/2026","Buy","SPGI","S&P GLOBAL INC","14","$440.27","","-$6163.78"
"02/27/2026","Sell","VOO","VANGUARD S&P ...500 ETF","10","$629.025","","$6290.25"
"02/20/2026","Buy","VOO","VANGUARD S&P ...500 ETF","39","$629.0836","","-$24534.26"
"02/20/2026","Buy","FDIS","FIDELITY MSCI CONS DISCRINDX ETF","50","$99.835","","-$4991.75"
"02/20/2026","Buy","HWM","HOWMET AEROSPACE INC","8","$254.43","","-$2035.44"
"02/20/2026","Sell","VIS","VANGUARD INDUSTRIALS ETF","5","$340.4253","","$1702.13"
"02/19/2026","Wire Received","","WIRED FUNDS RECEIVED","","","","$30000.00"
"02/19/2026","Reinvest Shares","CAT","CATERPILLAR INC","0.0477","$753.0388","","-$35.90"
"02/19/2026","Qual Div Reinvest","CAT","CATERPILLAR INC","","","","$35.90"
"02/17/2026","Reinvest Shares","BX","BLACKSTONE INC","0.556","$127.8479","","-$71.08"
"02/17/2026","Qual Div Reinvest","BX","BLACKSTONE INC","","","","$71.08"
"02/17/2026 as of 02/15/2026","Bank Interest","","BANK INT ...526 SCHWAB BANK","","","","$0.18"
"02/13/2026","Reinvest Shares","COST","COSTCO WHSL CORP NEW","0.0055","$1010.8997","","-$5.51"
"02/13/2026","Buy","TKO","TKO GROUP HLDGS INC CLASS A","23","$203.025","","-$4669.58"
"02/13/2026","Sell","VOO","VANGUARD S&P ...500 ETF","7","$626.5251","","$4385.68"
"02/13/2026","Qual Div Reinvest","COST","COSTCO WHSL CORP NEW","","","","$5.51"
"02/12/2026","Reinvest Shares","AAPL","APPLE INC","0.0612","$270.3614","","-$16.55"
"02/12/2026","Qual Div Reinvest","AAPL","APPLE INC","","","","$16.55"
"02/11/2026","Reinvest Shares","NUE","NUCOR CORP","0.144","$195.1611","","-$28.10"
"02/11/2026","Qual Div Reinvest","NUE","NUCOR CORP","","","","$28.10"
"02/09/2026","Buy","XOM","EXXON MOBIL CORP","14","$149.255","","-$2089.57"
"02/09/2026","Buy","CRWD","CROWDSTRIKE HLDGS INC CLASS A","5","$402.80","","-$2014.00"
"02/09/2026","Buy","VOO","VANGUARD S&P ...500 ETF","14","$638.7897","","-$8943.06"
"02/09/2026","Buy","QQQ","INVESCO QQQ-R ETF","5","$614.535","","-$3072.68"
"02/09/2026","Buy","ORCL","ORACLE CORP","7","$156.645","","-$1096.52"
"02/09/2026","Buy","XLE","STATE STRET ENRGY SLECT SEC SPDR ETF","65","$53.435","","-$3473.28"
"02/09/2026","Buy","HD","HOME DEPOT INC","10","$378.715","","-$3787.15"
"02/09/2026","Buy","AMZN","AMAZON.COM INC","5","$209.605","","-$1048.03"
"02/09/2026","Buy","FDIS","FIDELITY MSCI CONS DISCRINDX ETF","50","$101.18","","-$5059.00"
"02/09/2026","Buy","MA","MASTERCARD INC CLASS CLASS A","1","$536.61","","-$536.61"
"02/09/2026","Buy","SMH","VANECK SEMICONDUCTOR ETF","8","$407.7196","","-$3261.76"
"02/09/2026","Buy","MSFT","MICROSOFT CORP","3","$412.01","","-$1236.03"
"02/09/2026","Sell","CVS","CVS HEALTH CORP","40","$77.0601","$0.01","$3082.39"
"02/09/2026","Sell","XLU","STATE STRT UTLTES SLET SCTR SPDR ETF","90","$43.405","$0.02","$3906.43"
"02/09/2026","Sell","OLLI","OLLIES BARGAIN OUTLET HL","32","$112.14","$0.01","$3588.47"
"02/09/2026","Sell","BRKB","BERKSHIRE HATHAWAY CLASS B","6","$501.93","","$3011.58"
"02/04/2026","Reinvest Shares","VCSH","VANGUARD SHORT TERM COR BD ETF","0.3081","$79.67","","-$24.55"
"02/04/2026","Reinvest Dividend","VCSH","VANGUARD SHORT TERM COR BD ETF","","","","$24.55"
"02/02/2026","Reinvest Shares","CVS","CVS HEALTH CORP","1.1422","$74.6041","","-$85.21"
"02/02/2026","Qual Div Reinvest","CVS","CVS HEALTH CORP","","","","$85.21"
"01/30/2026","Reinvest Shares","SYK","STRYKER CORP","0.0385","$366.5893","","-$14.12"
"01/30/2026","Qual Div Reinvest","SYK","STRYKER CORP","","","","$14.12"
"01/23/2026","Reinvest Shares","ORCL","ORACLE CORP","0.0326","$176.5074","","-$5.75"
"01/23/2026","Buy","MA","MASTERCARD INC CLASS CLASS A","10","$526.43","","-$5264.30"
"01/23/2026","Qual Div Reinvest","ORCL","ORACLE CORP","","","","$5.75"
"01/16/2026","Reinvest Shares","DLR","DIGITAL RLTY TR INC REIT","0.1924","$163.0853","","-$31.38"
"01/16/2026","Pr Yr Non Qual Div","DLR","DIGITAL RLTY TR INC REIT","","","","$31.38"
"01/16/2026 as of 01/15/2026","Bank Interest","","BANK INT ...526 SCHWAB BANK","","","","$0.25"
"01/08/2026","Foreign Tax Paid","TSM","TAIWAN SEMICONDUCTOR M FSPONSORED ADR 1 ADR REPS 5 ORD SHS","","","","-$2.34"
"01/08/2026","Qualified Dividend","TSM","TAIWAN SEMICONDUCTOR M FSPONSORED ADR 1 ADR REPS 5 ORD SHS","","","","$11.14"
"01/05/2026","Reinvest Shares","WMT","WALMART INC","0.1156","$112.3484","","-$12.99"
"01/05/2026","Qual Div Reinvest","WMT","WALMART INC","","","","$12.99"
"12/31/2025","Reinvest Shares","QQQ","INVSC QQQ TRUST SRS 1 ETF","0.0244","$617.5968","","-$15.09"
"12/31/2025","Reinvest Dividend","QQQ","INVSC QQQ TRUST SRS 1 ETF","","","","$15.09"
"12/29/2025","Reinvest Shares","HCA","HCA HEALTHCARE INC","0.017","$471.6618","","-$8.01"
"12/29/2025","Qual Div Reinvest","HCA","HCA HEALTHCARE INC","","","","$8.01"
"12/26/2025","Reinvest Shares","RSPN","INVSC SP ...500 EQUAL WGHT INDSTRL ETF","0.0946","$57.4761","","-$5.44"
"12/26/2025","Reinvest Shares","NLR","VANECK URANIUM AND NUCLEAR ETF","0.5179","$126.47","","-$65.50"
"12/26/2025","Reinvest Dividend","NLR","VANECK URANIUM AND NUCLEAR ETF","","","","$65.50"
"12/26/2025","Reinvest Dividend","RSPN","INVSC SP ...500 EQUAL WGHT INDSTRL ETF","","","","$5.44"
"12/24/2025","Reinvest Shares","VOO","VANGUARD S&P ...500 ETF","0.1032","$634.9299","","-$65.53"
"12/24/2025","Reinvest Shares","XLU","STATE STRT UTLTES SLET SCTR SPDR ETF","1.9995","$42.62","","-$85.22"
"12/24/2025","Reinvest Shares","VTI","VANGUARD TOTAL STOCK MARKET ETF","0.0926","$339.02","","-$31.38"
"12/24/2025","Reinvest Shares","VUG","VANGUARD GROWTH ETF","0.0243","$493.85","","-$11.98"
"12/24/2025","Reinvest Shares","XLF","STE STRT FINCL SLCT SECTOR SPDR ETF","0.4465","$55.57","","-$24.81"
"12/24/2025","Reinvest Dividend","VOO","VANGUARD S&P ...500 ETF","","","","$65.53"
"12/24/2025","Reinvest Shares","XLP","STE SRT CNSR STPLS SLCT SEC SPDR ETF","0.523","$77.89","","-$40.74"
"12/24/2025","Reinvest Shares","XLC","STE STRT COMTN SR SLCT SC SPDR ETF IV","0.1518","$117.52","","-$17.84"
"12/24/2025","Reinvest Shares","XLB","STATE STRET MATRL SLCT SCTR SPDR ETF","0.3479","$45.73","","-$15.91"
"12/24/2025","Reinvest Dividend","XLU","STATE STRT UTLTES SLET SCTR SPDR ETF","","","","$85.22"
"12/24/2025","Reinvest Dividend","VUG","VANGUARD GROWTH ETF","","","","$11.98"
"12/24/2025","Reinvest Dividend","VTI","VANGUARD TOTAL STOCK MARKET ETF","","","","$31.38"
"12/24/2025","Reinvest Dividend","XLF","STE STRT FINCL SLCT SECTOR SPDR ETF","","","","$24.81"
"12/24/2025","Reinvest Dividend","XLP","STE SRT CNSR STPLS SLCT SEC SPDR ETF","","","","$40.74"
"12/24/2025","Reinvest Dividend","XLB","STATE STRET MATRL SLCT SCTR SPDR ETF","","","","$15.91"
"12/24/2025","Reinvest Dividend","XLC","STE STRT COMTN SR SLCT SC SPDR ETF IV","","","","$17.84"
"12/23/2025","Reinvest Shares","META","META PLATFORMS INC CLASS A","0.0127","$663.9138","","-$8.42"
"12/23/2025","Reinvest Shares","FTEC","FIDELITY MSCI INFOR TECHINDX ETF","0.2374","$226.562","","-$53.78"
"12/23/2025","Reinvest Shares","FDIS","FIDELITY MSCI CONS DISCRINDX ETF","0.1778","$104.4072","","-$18.56"
"12/23/2025","Qual Div Reinvest","META","META PLATFORMS INC CLASS A","","","","$8.42"
"12/23/2025","Reinvest Dividend","FTEC","FIDELITY MSCI INFOR TECHINDX ETF","","","","$53.78"
"12/23/2025","Reinvest Dividend","FDIS","FIDELITY MSCI CONS DISCRINDX ETF","","","","$18.56"
"12/22/2025","Reinvest Shares","VCSH","VANGUARD SHORT TERM COR BD ETF","0.3108","$79.58","","-$24.73"
"12/22/2025","Reinvest Dividend","VCSH","VANGUARD SHORT TERM COR BD ETF","","","","$24.73"
"12/19/2025","Reinvest Shares","WM","WASTE MGMT INC DEL","0.0767","$217.917","","-$16.71"
"12/19/2025","Reinvest Shares","VIS","VANGUARD INDUSTRIALS ETF","0.0649","$298.8926","","-$19.40"
"12/19/2025","Reinvest Shares","VFH","VANGUARD FINANCIALS ETF","0.5008","$133.55","","-$66.88"
"12/19/2025","Reinvest Shares","VHT","VANGUARD HEALTH CARE ETF","0.1251","$287.20","","-$35.93"
"12/19/2025","Qual Div Reinvest","WM","WASTE MGMT INC DEL","","","","$16.71"
"12/19/2025","Reinvest Dividend","VIS","VANGUARD INDUSTRIALS ETF","","","","$19.40"
"12/19/2025","Reinvest Dividend","VHT","VANGUARD HEALTH CARE ETF","","","","$35.93"
"12/19/2025","Reinvest Dividend","VFH","VANGUARD FINANCIALS ETF","","","","$66.88"
"12/16/2025 as of 12/15/2025","Bank Interest","","BANK INT ...525 SCHWAB BANK","","","","$1.05"
"12/15/2025","Reinvest Shares","KO","THE COCA-COLA CO","0.7436","$71.0206","","-$52.81"
"12/15/2025","Reinvest Shares","GOOG","ALPHABET INC CLASS CLASS C","0.0575","$309.0497","","-$17.76"
"12/15/2025","Qual Div Reinvest","KO","THE COCA-COLA CO","","","","$52.81"
"12/15/2025","Qual Div Reinvest","GOOG","ALPHABET INC CLASS CLASS C","","","","$17.76"
"12/11/2025","Reinvest Shares","MSFT","MICROSOFT CORP","0.063","$480.5094","","-$30.29"
"12/11/2025","Qual Div Reinvest","MSFT","MICROSOFT CORP","","","","$30.29"
"12/10/2025","Reinvest Shares","LLY","ELI LILLY AND CO","0.0106","$987.6656","","-$10.50"
"12/10/2025","Qual Div Reinvest","LLY","ELI LILLY AND CO","","","","$10.50"
"12/08/2025 as of 12/04/2025","Cash In Lieu","XLU","STATE STRT UTLTES SLET SCTR SPDR ETF","","","","$28.28"
"12/08/2025 as of 12/04/2025","Cash In Lieu","XLB","STATE STRET MATRL SLCT SCTR SPDR ETF","","","","$14.08"
"12/05/2025","Qualified Dividend","CEG","CONSTELLATION ENERGY COR","","","","$6.20"
"12/05/2025 as of 12/04/2025","Stock Split","XLU","STATE STRT UTLTES SLET SCTR SPDR ETF","134","$43.71","",""
"12/05/2025 as of 12/04/2025","Stock Split","XLB","STATE STRET MATRL SLCT SCTR SPDR ETF","34","$44.235","",""
"12/03/2025","Reinvest Shares","VCSH","VANGUARD SHORT TERM COR BD ETF","0.2992","$79.79","","-$23.87"
"12/03/2025","Reinvest Dividend","VCSH","VANGUARD SHORT TERM COR BD ETF","","","","$23.87"
"12/02/2025","Qualified Dividend","ZTS","ZOETIS INC CLASS CLASS A","","","","$18.08"
"12/01/2025","Reinvest Shares","PFE","PFIZER INC","3.2226","$25.7527","","-$82.99"
"12/01/2025","Reinvest Shares","V","VISA INC CLASS CLASS A","0.0662","$332.747","","-$22.03"
"12/01/2025","Qual Div Reinvest","V","VISA INC CLASS CLASS A","","","","$22.03"
"12/01/2025","Qual Div Reinvest","PFE","PFIZER INC","","","","$82.99"
"11/20/2025","Reinvest Shares","CAT","CATERPILLAR INC","0.0633","$565.7629","","-$35.80"
"11/20/2025","Qual Div Reinvest","CAT","CATERPILLAR INC","","","","$35.80"
"11/17/2025 as of 11/14/2025","Reinvest Shares","COST","COSTCO WHSL CORP NEW","0.006","$920.1204","","-$5.50"
"11/17/2025 as of 11/14/2025","Reinvestment Adj","COST","COSTCO WHSL CORP NEW","0.006","$919.94","","$5.50"
"11/17/2025 as of 11/15/2025","Bond Interest","91282CLW9","US TREASUR NT 4.25%11/34UST NOTE DUE 11/15/34","","","","$531.25"
"11/17/2025","Qualified Dividend","PG","PROCTER & GAMBLE CO","","","","$25.90"
"11/17/2025 as of 11/15/2025","Bank Interest","","BANK INT ...525 SCHWAB BANK","","","","$0.96"
"11/14/2025","Reinvest Shares","COST","COSTCO WHSL CORP NEW","0.006","$919.94","","-$5.50"
"11/14/2025","Qual Div Reinvest","COST","COSTCO WHSL CORP NEW","","","","$5.50"
"11/14/2025","Non-Qualified Div","O","REALTY INCOME CORP REIT","","","","$21.32"
"11/13/2025","Reinvest Shares","AAPL","APPLE INC","0.0605","$273.065","","-$16.53"
"11/13/2025","Qual Div Reinvest","AAPL","APPLE INC","","","","$16.53"
"11/10/2025","Reinvest Shares","BX","BLACKSTONE INC","0.4227","$144.2699","","-$60.99"
"11/10/2025","Reinvest Shares","NUE","NUCOR CORP","0.0737","$142.6526","","-$10.51"
"11/10/2025","Buy","CEG","CONSTELLATION ENERGY COR","16","$371.1899","","-$5939.04"
"11/10/2025","Sell","CRM","SALESFORCE INC","37.1994","$237.6829","$0.01","$8841.65"
"11/10/2025","Qual Div Reinvest","BX","BLACKSTONE INC","","","","$60.99"
"11/10/2025","Qual Div Reinvest","NUE","NUCOR CORP","","","","$10.51"
"11/06/2025","Cash Dividend","BILS","ST SRT SPDR BLMBRG 3 12 MN T ETF IV","","","","$98.33"
"11/05/2025","Cash Dividend","VGLT","VANGUARD LONG-TERM TREASINDEX FD ETF SHS","","","","$9.72"
"11/04/2025","Buy","SBGSF","SCHNEIDER ELECTRIC ORDF","18","$284.10","$70.46","-$5184.26"
"11/03/2025","Reinvest Shares","CVS","CVS HEALTH CORP","1.0797","$78.2525","","-$84.49"
"11/03/2025","Wire Received","","WIRED FUNDS RECEIVED","","","","$30000.00"
"11/03/2025","Buy","NUE","NUCOR CORP","31","$146.6008","","-$4544.62"
"11/03/2025","Buy","CRM","SALESFORCE INC","18","$258.165","","-$4646.97"
"11/03/2025","Buy","PFE","PFIZER INC","193","$24.5699","","-$4741.99"
"11/03/2025","Buy","LLY","ELI LILLY AND CO","5","$877.989","","-$4389.95"
"11/03/2025","Buy","V","VISA INC CLASS A","13","$338.26","","-$4397.38"
"11/03/2025","Buy","AMZN","AMAZON.COM INC","20","$255.0425","","-$5100.85"
"11/03/2025","Buy","QQQ","INVSC QQQ TRUST SRS 1 ETF","19","$631.7199","","-$12002.68"
"11/03/2025","Buy","VUG","VANGUARD GROWTH ETF","24","$500.995","","-$12023.88"
"11/03/2025","Buy","VOO","VANGUARD S&P ...500 ETF","37","$626.7812","","-$23190.90"
"11/03/2025","Buy","VTI","VANGUARD TOTAL STOCK MARKET ETF","33","$334.9669","","-$11053.91"
"11/03/2025","Buy","VCSH","VANGUARD SHORT TERM COR BD ETF","82","$79.5799","","-$6525.55"
"11/03/2025","Sell","WM","WASTE MGMT INC DEL","10","$195.905","","$1959.05"
"11/03/2025","Sell","ORCL","ORACLE CORP","8","$259.08","","$2072.64"
"11/03/2025","Sell","NLR","VANECK URANIUM AND NUCLEAR ETF","41","$153.035","$0.01","$6274.43"
"11/03/2025","Sell","CRWD","CROWDSTRIKE HLDGS INC CLASS A","2","$550.735","","$1101.47"
"11/03/2025","Sell","O","REALTY INCOME CORP REIT","79.1274","$57.3737","$0.01","$4539.82"
"11/03/2025","Sell","DKS","DICKS SPORTING GOODS INC","15.2715","$219.0499","","$3345.22"
"11/03/2025","Sell","ET","ENERGY TRANSFER L P LP","98.7299","$16.8038","$0.02","$1659.02"
"11/03/2025","Sell","XLE","ENERGY SELECT SECTOR SPDR ETF","16.617","$87.6398","","$1456.31"
"11/03/2025","Sell","PG","PROCTER & GAMBLE CO","24.5041","$148.8771","","$3648.10"
"11/03/2025","Sell","BILS","ST SRT SPDR BLMBRG 3 12 MN T ETF IV","301.8189","$99.2001","$0.05","$29940.41"
"11/03/2025","Sell","VDE","VANGUARD ENERGY ETF","19.4617","$123.9501","","$2412.28"
"11/03/2025","Sell","ZTS","ZOETIS INC CLASS A","36.1581","$142.18","$0.01","$5140.95"
"11/03/2025","Sell","MDLZ","MONDELEZ INTL INC CLASS A","47.4145","$57.165","$0.01","$2710.44"
"11/03/2025","Sell","DOV","DOVER CORP","16.0481","$178.6398","","$2866.83"
"11/03/2025","Sell","PGR","PROGRESSIVE CORP OH","11.0303","$200.8459","","$2215.39"
"11/03/2025","Sell","VGLT","VANGUARD LONG-TERM TREASINDEX FD ETF SHS","45.731","$57.0401","$0.01","$2608.49"
"11/03/2025","Qual Div Reinvest","CVS","CVS HEALTH CORP","","","","$84.49"
"10/31/2025","Reinvest Shares","SYK","STRYKER CORP","0.0369","$364.2059","","-$13.44"
"10/31/2025","Qual Div Reinvest","SYK","STRYKER CORP","","","","$13.44"
"10/23/2025","Reinvest Shares","ORCL","ORACLE CORP","0.0349","$278.6622","","-$9.73"
"10/23/2025","Qual Div Reinvest","ORCL","ORACLE CORP","","","","$9.73"
"10/16/2025 as of 10/15/2025","Bank Interest","","BANK INT ...525 SCHWAB BANK","","","","$0.80"
"10/15/2025","Reinvest Shares","O","REALTY INCOME CORP REIT","0.3591","$59.1167","","-$21.23"
"10/15/2025","Non-Qualified Div","O","REALTY INCOME CORP REIT","","","","$21.23"
"10/14/2025","Reinvest Shares","MDLZ","MONDELEZ INTL INC CLASS A","0.3832","$61.3769","","-$23.52"
"10/14/2025","Qual Div Reinvest","MDLZ","MONDELEZ INTL INC CLASS A","","","","$23.52"
"10/10/2025","Reinvest Shares","PGR","PROGRESSIVE CORP OH","0.0079","$241.51","","-$1.90"
"10/10/2025","Sell","PGR","PROGRESSIVE CORP OH","8","$243.32","","$1946.56"
"10/10/2025","Qual Div Reinvest","PGR","PROGRESSIVE CORP OH","","","","$1.90"
"10/09/2025","Reinvest Shares","CRM","SALESFORCE INC","0.0331","$240.6858","","-$7.97"
"10/09/2025","Qual Div Reinvest","CRM","SALESFORCE INC","","","","$7.97"
"10/06/2025","Reinvest Shares","BILS","SPDR BLOOMBERG 3 12 MTH T BLL ETF","0.9974","$99.2699","","-$99.01"
"10/06/2025","Reinvest Dividend","BILS","SPDR BLOOMBERG 3 12 MTH T BLL ETF","","","","$99.01"
"10/03/2025","Reinvest Shares","VGLT","VANGUARD LONG-TERM TREASINDEX FD ETF SHS","0.1654","$56.88","","-$9.41"
"10/03/2025","Reinvest Dividend","VGLT","VANGUARD LONG-TERM TREASINDEX FD ETF SHS","","","","$9.41"
"10/01/2025","Reinvest Shares","KO","THE COCA-COLA CO","0.7857","$66.7044","","-$52.41"
"10/01/2025","Qual Div Reinvest","KO","THE COCA-COLA CO","","","","$52.41"
"09/30/2025","Reinvest Shares","DLR","DIGITAL RLTY TR INC REIT","0.1836","$169.7614","","-$31.16"
"09/30/2025","Reinvest Shares","HCA","HCA HEALTHCARE INC","0.0188","$425.9476","","-$8.00"
"09/30/2025","Qual Div Reinvest","HCA","HCA HEALTHCARE INC","","","","$8.00"
"09/30/2025","Non-Qualified Div","DLR","DIGITAL RLTY TR INC REIT","","","","$31.16"
"09/29/2025","Reinvest Shares","META","META PLATFORMS INC CLASS A","0.0113","$744.6667","","-$8.42"
"09/29/2025","Qual Div Reinvest","META","META PLATFORMS INC CLASS A","","","","$8.42"
"09/26/2025","Reinvest Shares","VHT","VANGUARD HEALTH CARE ETF","0.092","$251.44","","-$23.13"
"09/26/2025","Reinvest Shares","WM","WASTE MGMT INC DEL","0.1131","$219.8055","","-$24.87"
"09/26/2025","Reinvest Shares","VFH","VANGUARD FINANCIALS ETF","0.3154","$131.09","","-$41.34"
"09/26/2025","Reinvest Shares","DKS","DICKS SPORTING GOODS INC","0.0822","$224.2099","","-$18.42"
"09/26/2025","Reinvest Shares","VDE","VANGUARD ENERGY ETF","0.1481","$130.48","","-$19.32"
"09/26/2025","Reinvest Shares","PSCT","INVSC S&P SMALL TECH PORT ETF","0.0092","$51.9321","","-$0.48"
"09/26/2025","Reinvest Shares","VIS","VANGUARD INDUSTRIALS ETF","0.0592","$294.1699","","-$17.41"
"09/26/2025","Reinvest Shares","RSPN","INVSC SP ...500 EQUAL WGHT INDSTRL ETF","0.1772","$55.6978","","-$9.87"
"09/26/2025","Buy","TSM","TAIWAN SEMICONDUCTOR M FSPONSORED ADR 1 ADR REPS 5 ORD SHS","14","$271.5464","","-$3801.65"
"09/26/2025","Reinvest Dividend","VIS","VANGUARD INDUSTRIALS ETF","","","","$17.41"
"09/26/2025","Reinvest Dividend","VDE","VANGUARD ENERGY ETF","","","","$19.32"
"09/26/2025","Qual Div Reinvest","WM","WASTE MGMT INC DEL","","","","$24.87"
"09/26/2025","Qual Div Reinvest","DKS","DICKS SPORTING GOODS INC","","","","$18.42"
"09/26/2025","Reinvest Dividend","RSPN","INVSC SP ...500 EQUAL WGHT INDSTRL ETF","","","","$9.87"
"09/26/2025","Reinvest Dividend","VHT","VANGUARD HEALTH CARE ETF","","","","$23.13"
"09/26/2025","Reinvest Dividend","PSCT","INVSC S&P SMALL TECH PORT ETF","","","","$0.48"
"09/26/2025","Reinvest Dividend","VFH","VANGUARD FINANCIALS ETF","","","","$41.34"
"09/24/2025","Reinvest Shares","XLF","SELECT STR FINANCIAL SELECT SPDR ETF","0.4302","$53.63","","-$23.07"
"09/24/2025","Reinvest Shares","XLE","ENERGY SELECT SECTOR SPDR ETF","0.1356","$91.0299","","-$12.34"
"09/24/2025","Reinvest Shares","XLP","SPDR FUND CONSUMER STAPLES ETF","0.4446","$78.57","","-$34.93"
"09/24/2025","Reinvest Shares","XLB","SPDR FUND MATERIALS SELECT SECTR ETF","0.1639","$89.3699","","-$14.65"
"09/24/2025","Reinvest Shares","XLC","COMMUNICAT SVS SLCT SEC SPDR ETF","0.167","$117.4494","","-$19.61"
"09/24/2025","Reinvest Dividend","XLP","SPDR FUND CONSUMER STAPLES ETF","","","","$34.93"
"09/24/2025","Reinvest Dividend","XLB","SPDR FUND MATERIALS SELECT SECTR ETF","","","","$14.65"
"09/24/2025","Reinvest Dividend","XLE","ENERGY SELECT SECTOR SPDR ETF","","","","$12.34"
"09/24/2025","Reinvest Dividend","XLC","COMMUNICAT SVS SLCT SEC SPDR ETF","","","","$19.61"
"09/24/2025","Reinvest Shares","XLU","SELECT SECTOR UTI SELECTSPDR ETF","0.887","$85.64","","-$75.96"
"09/24/2025","Reinvest Dividend","XLF","SELECT STR FINANCIAL SELECT SPDR ETF","","","","$23.07"
"09/24/2025","Reinvest Dividend","XLU","SELECT SECTOR UTI SELECTSPDR ETF","","","","$75.96"
"09/23/2025","Reinvest Shares","FTEC","FIDELITY MSCI INFOR TECHINDX ETF","0.2031","$222.9899","","-$45.28"
"09/23/2025","Reinvest Shares","FDIS","FIDELITY MSCI CONS DISCRINDX ETF","0.1638","$103.4799","","-$16.95"
"09/23/2025","Reinvest Dividend","FTEC","FIDELITY MSCI INFOR TECHINDX ETF","","","","$45.28"
"09/23/2025","Reinvest Dividend","FDIS","FIDELITY MSCI CONS DISCRINDX ETF","","","","$16.95"
"09/16/2025 as of 09/15/2025","Bank Interest","","BANK INT ...525 SCHWAB BANK","","","","$0.91"
"09/15/2025","Reinvest Shares","GOOG","ALPHABET INC CLASS C","0.0709","$250.2378","","-$17.75"
"09/15/2025","Reinvest Shares","O","REALTY INCOME CORP REIT","0.3483","$60.5534","","-$21.09"
"09/15/2025","Qual Div Reinvest","GOOG","ALPHABET INC CLASS C","","","","$17.75"
"09/15/2025","Reinvest Shares","DOV","DOVER CORP","0.0481","$173.1199","","-$8.32"
"09/15/2025","Qual Div Reinvest","DOV","DOVER CORP","","","","$8.32"
"09/15/2025","Non-Qualified Div","O","REALTY INCOME CORP REIT","","","","$21.09"
"09/12/2025","Buy","LLY","ELI LILLY AND CO","2","$752.215","","-$1504.43"
"09/12/2025","Sell","VHT","VANGUARD HEALTH CARE ETF","6","$258.6445","","$1551.87"
"09/11/2025","Reinvest Shares","MSFT","MICROSOFT CORP","0.055","$501.3807","","-$27.58"
"09/11/2025","Qual Div Reinvest","MSFT","MICROSOFT CORP","","","","$27.58"
"09/05/2025","Reinvest Shares","BILS","SPDR BLOOMBERG 3 12 MTH T BLL ETF","1.0439","$99.2887","","-$103.65"
"09/05/2025","Reinvest Dividend","BILS","SPDR BLOOMBERG 3 12 MTH T BLL ETF","","","","$103.65"
"09/04/2025","Reinvest Shares","VGLT","VANGUARD LONG-TERM TREASINDEX FD ETF SHS","0.173","$55.48","","-$9.60"
"09/04/2025","Reinvest Dividend","VGLT","VANGUARD LONG-TERM TREASINDEX FD ETF SHS","","","","$9.60"
"09/03/2025","Reinvest Shares","ZTS","ZOETIS INC CLASS A","0.1186","$151.8799","","-$18.02"
"09/03/2025","Qual Div Reinvest","ZTS","ZOETIS INC CLASS A","","","","$18.02"
"09/02/2025","Reinvest Shares","WMT","WALMART INC","0.1328","$97.6023","","-$12.96"
"09/02/2025","Reinvest Shares","V","VISA INC CLASS A","0.0335","$349.3455","","-$11.71"
"09/02/2025","Qual Div Reinvest","WMT","WALMART INC","","","","$12.96"
"09/02/2025","Qual Div Reinvest","V","VISA INC CLASS A","","","","$11.71"
"08/20/2025","Reinvest Shares","CAT","CATERPILLAR INC","0.0864","$413.0787","","-$35.67"
"08/20/2025","Qual Div Reinvest","CAT","CATERPILLAR INC","","","","$35.67"
"08/19/2025","Reinvest Shares","ET","ENERGY TRANSFER L P LP","1.8474","$17.3051","","-$31.97"
"08/19/2025","Reinvest Dividend","ET","ENERGY TRANSFER L P LP","","","","$31.97"
"08/18/2025 as of 08/15/2025","Bank Interest","","BANK INT ...525 SCHWAB BANK","","","","$0.91"
"08/15/2025","Reinvest Shares","COST","COSTCO WHSL CORP NEW","0.0056","$973.3998","","-$5.49"
"08/15/2025","Reinvest Shares","O","REALTY INCOME CORP REIT","0.3608","$58.2019","","-$21.00"
"08/15/2025","Reinvest Shares","PG","PROCTER & GAMBLE CO","0.1662","$154.7116","","-$25.72"
"08/15/2025","Qual Div Reinvest","COST","COSTCO WHSL CORP NEW","","","","$5.49"
"08/15/2025","Non-Qualified Div","O","REALTY INCOME CORP REIT","","","","$21.00"
"08/15/2025","Qual Div Reinvest","PG","PROCTER & GAMBLE CO","","","","$25.72"
"08/14/2025","Reinvest Shares","AAPL","APPLE INC","0.0713","$231.454","","-$16.51"
"08/14/2025","Qual Div Reinvest","AAPL","APPLE INC","","","","$16.51"
"08/11/2025","Reinvest Shares","BX","BLACKSTONE INC","0.2854","$169.6456","","-$48.41"
"08/11/2025","Reinvest Shares","NUE","NUCOR CORP","0.076","$137.7897","","-$10.47"
"08/11/2025","Qual Div Reinvest","BX","BLACKSTONE INC","","","","$48.41"
"08/11/2025","Qual Div Reinvest","NUE","NUCOR CORP","","","","$10.47"
"08/06/2025","Reinvest Shares","BILS","SPDR BLOOMBERG 3 12 MTH T BLL ETF","1.0433","$99.1987","","-$103.49"
"08/06/2025","Reinvest Dividend","BILS","SPDR BLOOMBERG 3 12 MTH T BLL ETF","","","","$103.49"
"08/05/2025","Reinvest Shares","VGLT","VANGUARD LONG-TERM TREASINDEX FD ETF SHS","0.1686","$56.18","","-$9.47"
"08/05/2025","Reinvest Dividend","VGLT","VANGUARD LONG-TERM TREASINDEX FD ETF SHS","","","","$9.47"
"08/01/2025","Reinvest Shares","CVS","CVS HEALTH CORP","1.3378","$62.4891","","-$83.60"
"08/01/2025","Qual Div Reinvest","CVS","CVS HEALTH CORP","","","","$83.60"
"07/31/2025","Reinvest Shares","SYK","STRYKER CORP","0.0335","$400.8799","","-$13.42"
"07/31/2025","Qual Div Reinvest","SYK","STRYKER CORP","","","","$13.42"
"07/24/2025","Reinvest Shares","ORCL","ORACLE CORP","0.0402","$241.4559","","-$9.71"
"07/24/2025","Qual Div Reinvest","ORCL","ORACLE CORP","","","","$9.71"
"07/16/2025 as of 07/15/2025","Bank Interest","","BANK INT ...525 SCHWAB BANK","","","","$0.97"
"07/15/2025","Reinvest Shares","O","REALTY INCOME CORP REIT","0.361","$57.8896","","-$20.90"
"07/15/2025","Non-Qualified Div","O","REALTY INCOME CORP REIT","","","","$20.90"
"07/14/2025","Reinvest Shares","MDLZ","MONDELEZ INTL INC CLASS A","0.3261","$67.3076","","-$21.95"
"07/14/2025","Qual Div Reinvest","MDLZ","MONDELEZ INTL INC CLASS A","","","","$21.95"
"07/11/2025","Reinvest Shares","PGR","PROGRESSIVE CORP OH","0.0077","$246.7495","","-$1.90"
"07/11/2025","Qual Div Reinvest","PGR","PROGRESSIVE CORP OH","","","","$1.90"
"07/10/2025","Reinvest Shares","CRM","SALESFORCE INC","0.03","$265.1463","","-$7.96"
"07/10/2025","Qual Div Reinvest","CRM","SALESFORCE INC","","","","$7.96"
"07/07/2025","Reinvest Shares","BILS","SPDR BLOOMBERG 3 12 MTH T BLL ETF","1.0033","$99.1594","","-$99.49"
"07/07/2025","Buy","DOV","DOVER CORP","16","$187.235","","-$2995.76"
"07/07/2025","Reinvest Dividend","BILS","SPDR BLOOMBERG 3 12 MTH T BLL ETF","","","","$99.49"
"07/03/2025","Reinvest Shares","VGLT","VANGUARD LONG-TERM TREASINDEX FD ETF SHS","0.1661","$55.33","","-$9.19"
"07/03/2025","Reinvest Dividend","VGLT","VANGUARD LONG-TERM TREASINDEX FD ETF SHS","","","","$9.19"
"07/01/2025","Reinvest Shares","KO","THE COCA-COLA CO","0.722","$72.0788","","-$52.04"
"07/01/2025","Qual Div Reinvest","KO","THE COCA-COLA CO","","","","$52.04"
"06/30/2025","Reinvest Dividend","VDE","VANGUARD ENERGY ETF","","","","$17.89"
"06/30/2025","Reinvest Shares","VDE","VANGUARD ENERGY ETF","0.1498","$119.43","","-$17.89"
"06/30/2025","Reinvest Shares","VHT","VANGUARD HEALTH CARE ETF","0.1062","$247.93","","-$26.33"
"06/30/2025","Reinvest Shares","HCA","HCA HEALTHCARE INC","0.0211","$377.9541","","-$7.98"
"06/30/2025","Reinvest Shares","DLR","DIGITAL RLTY TR INC REIT","0.1799","$172.016","","-$30.94"
"06/30/2025","Reinvest Shares","VIS","VANGUARD INDUSTRIALS ETF","0.0599","$279.3399","","-$16.73"
"06/30/2025","Reinvest Shares","VFH","VANGUARD FINANCIALS ETF","0.3647","$127.3099","","-$46.43"
"06/30/2025","Reinvest Dividend","VIS","VANGUARD INDUSTRIALS ETF","","","","$16.73"
"06/30/2025","Non-Qualified Div","DLR","DIGITAL RLTY TR INC REIT","","","","$30.94"
"06/30/2025","Reinvest Dividend","VHT","VANGUARD HEALTH CARE ETF","","","","$26.33"
"06/30/2025","Reinvest Dividend","VFH","VANGUARD FINANCIALS ETF","","","","$46.43"
"06/30/2025","Qual Div Reinvest","HCA","HCA HEALTHCARE INC","","","","$7.98"
"06/27/2025","Reinvest Dividend","RSPN","INVSC SP ...500 EQL WGHT INDSTRL ETF IV","","","","$7.28"
"06/27/2025","Reinvest Shares","RSPN","INVSC SP ...500 EQL WGHT INDSTRL ETF IV","0.1367","$53.2535","","-$7.28"
"06/27/2025","Reinvest Shares","DKS","DICKS SPORTING GOODS INC","0.089","$205.6899","","-$18.31"
"06/27/2025","Reinvest Shares","PSCT","INVSC S&P SMALL TECH PORT ETF","0.0243","$46.16","","-$1.12"
"06/27/2025","Qual Div Reinvest","DKS","DICKS SPORTING GOODS INC","","","","$18.31"
"06/27/2025","Reinvest Dividend","PSCT","INVSC S&P SMALL TECH PORT ETF","","","","$1.12"
"06/26/2025","Reinvest Shares","META","META PLATFORMS INC CLASS A","0.0117","$721.3403","","-$8.41"
"06/26/2025","Qual Div Reinvest","META","META PLATFORMS INC CLASS A","","","","$8.41"
"06/25/2025","Reinvest Shares","XLP","SPDR FUND CONSUMER STAPLES ETF","0.4375","$80.91","","-$35.40"
"06/25/2025","Reinvest Shares","XLB","SPDR FUND MATERIALS SELECT SECTR ETF","0.1707","$87.1738","","-$14.88"
"06/25/2025","Reinvest Shares","XLE","ENERGY SELECT SECTOR SPDR ETF","0.1385","$84.79","","-$11.74"
"06/25/2025","Reinvest Shares","XLU","SELECT SECTOR UTI SELECTSPDR ETF","0.9136","$81.05","","-$74.05"
"06/25/2025","Reinvest Shares","XLC","COMMUNICAT SVS SLCT SEC SPDR ETF","0.111","$105.7699","","-$11.74"
"06/25/2025","Reinvest Shares","XLF","SELECT STR FINANCIAL SELECT SPDR ETF","0.4326","$51.39","","-$22.23"
"06/25/2025","Reinvest Dividend","XLP","SPDR FUND CONSUMER STAPLES ETF","","","","$35.40"
"06/25/2025","Reinvest Dividend","XLB","SPDR FUND MATERIALS SELECT SECTR ETF","","","","$14.88"
"06/25/2025","Reinvest Dividend","XLF","SELECT STR FINANCIAL SELECT SPDR ETF","","","","$22.23"
"06/25/2025","Reinvest Dividend","XLE","ENERGY SELECT SECTOR SPDR ETF","","","","$11.74"
"06/25/2025","Reinvest Dividend","XLU","SELECT SECTOR UTI SELECTSPDR ETF","","","","$74.05"
"06/25/2025","Reinvest Dividend","XLC","COMMUNICAT SVS SLCT SEC SPDR ETF","","","","$11.74"
"06/24/2025","Reinvest Shares","FTEC","FIDELITY MSCI INFOR TECHINDX ETF","0.2465","$190.8055","","-$47.03"
"06/24/2025","Reinvest Shares","FDIS","FIDELITY MSCI CONS DISCRINDX ETF","0.2064","$93.4199","","-$19.28"
"06/24/2025","Reinvest Dividend","FTEC","FIDELITY MSCI INFOR TECHINDX ETF","","","","$47.03"
"06/24/2025","Reinvest Dividend","FDIS","FIDELITY MSCI CONS DISCRINDX ETF","","","","$19.28"
"06/20/2025","Reinvest Shares","WM","WASTE MGMT INC DEL","0.1057","$234.3384","","-$24.78"
"06/20/2025","Qual Div Reinvest","WM","WASTE MGMT INC DEL","","","","$24.78"
"06/16/2025","Reinvest Shares","GOOG","ALPHABET INC CLASS C","0.1","$177.263","","-$17.72"
"06/16/2025","Qual Div Reinvest","GOOG","ALPHABET INC CLASS C","","","","$17.72"
"06/16/2025 as of 06/15/2025","Bank Interest","","BANK INT ...525 SCHWAB BANK","","","","$1.07"
"06/13/2025","Reinvest Shares","O","REALTY INCOME CORP REIT","0.3593","$57.8032","","-$20.77"
"06/13/2025","Non-Qualified Div","O","REALTY INCOME CORP REIT","","","","$20.77"
"06/12/2025","Reinvest Shares","MSFT","MICROSOFT CORP","0.0578","$476.3725","","-$27.53"
"06/12/2025","Qual Div Reinvest","MSFT","MICROSOFT CORP","","","","$27.53"
"06/05/2025","Reinvest Shares","BILS","SPDR BLOOMBERG 3-12 MONTH T-BILL ETF","1.0371","$99.1599","","-$102.84"
"06/05/2025","Reinvest Dividend","BILS","SPDR BLOOMBERG 3-12 MONTH T-BILL ETF","","","","$102.84"
"06/04/2025","Reinvest Shares","VGLT","VANGUARD LONG-TERM TREASINDEX FD ETF SHS","0.1719","$54.7299","","-$9.41"
"06/04/2025","Reinvest Dividend","VGLT","VANGUARD LONG-TERM TREASINDEX FD ETF SHS","","","","$9.41"
"06/03/2025","Reinvest Shares","ZTS","ZOETIS INC CLASS A","0.105","$171.1544","","-$17.97"
"06/03/2025","Qual Div Reinvest","ZTS","ZOETIS INC CLASS A","","","","$17.97"
"06/02/2025","Reinvest Shares","V","VISA INC CLASS A","0.0322","$362.5843","","-$11.69"
"06/02/2025","Qual Div Reinvest","V","VISA INC CLASS A","","","","$11.69"
"05/27/2025","Reinvest Shares","WMT","WALMART INC","0.0725","$97.5643","","-$7.07"
"05/27/2025","Qual Div Reinvest","WMT","WALMART INC","","","","$7.07"
"05/20/2025","Reinvest Shares","ET","ENERGY TRANSFER L P LP","1.7213","$18.1084","","-$31.17"
"05/20/2025","Reinvest Shares","CAT","CATERPILLAR INC","0.0945","$351.2335","","-$33.18"
"05/20/2025","Qual Div Reinvest","CAT","CATERPILLAR INC","","","","$33.18"
"05/20/2025","Reinvest Dividend","ET","ENERGY TRANSFER L P LP","","","","$31.17"
"05/19/2025","Buy","OLLI","OLLIES BARGAIN OUTLET HL","32","$119.05","","-$3809.60"
"05/19/2025","Buy","WMT","WALMART INC","25","$96.4769","","-$2411.92"
"05/16/2025","Reinvest Shares","COST","COSTCO WHSL CORP NEW","0.0054","$1023.053","","-$5.48"
"05/16/2025","Qual Div Reinvest","COST","COSTCO WHSL CORP NEW","","","","$5.48"
"05/16/2025 as of 05/15/2025","Bank Interest","","BANK INT ...525 SCHWAB BANK","","","","$1.24"
"05/15/2025","Reinvest Shares","O","REALTY INCOME CORP REIT","0.3751","$55.0802","","-$20.66"
"05/15/2025","Reinvest Shares","PG","PROCTER & GAMBLE CO","0.1586","$161.1142","","-$25.55"
"05/15/2025","Reinvest Shares","AAPL","APPLE INC","0.0781","$211.0489","","-$16.49"
"05/15/2025","Bond Interest","91282CLW9","US TREASUR NT 4.25%11/34UST NOTE DUE 11/15/34","","","","$531.25"
"05/15/2025","Non-Qualified Div","O","REALTY INCOME CORP REIT","","","","$20.66"
"05/15/2025","Qual Div Reinvest","PG","PROCTER & GAMBLE CO","","","","$25.55"
"05/15/2025","Qual Div Reinvest","AAPL","APPLE INC","","","","$16.49"
"05/12/2025","Reinvest Shares","NUE","NUCOR CORP","0.0857","$121.533","","-$10.42"
"05/12/2025","Qual Div Reinvest","NUE","NUCOR CORP","","","","$10.42"
"05/06/2025","Reinvest Shares","BILS","SPDR BLOOMBERG 3-12 MONTH T-BILL ETF","1.0046","$99.1799","","-$99.64"
"05/06/2025","Reinvest Dividend","BILS","SPDR BLOOMBERG 3-12 MONTH T-BILL ETF","","","","$99.64"
"05/05/2025","Reinvest Shares","BX","BLACKSTONE INC","0.3149","$137.8472","","-$43.41"
"05/05/2025","Reinvest Shares","VGLT","VANGUARD LONG-TERM TREASINDEX FD ETF SHS","0.1631","$55.3753","","-$9.03"
"05/05/2025","Reinvest Dividend","VGLT","VANGUARD LONG-TERM TREASINDEX FD ETF SHS","","","","$9.03"
"05/05/2025","Qual Div Reinvest","BX","BLACKSTONE INC","","","","$43.41"
"05/01/2025","Reinvest Shares","CVS","CVS HEALTH CORP","1.1603","$71.3852","","-$82.83"
"05/01/2025","Qual Div Reinvest","CVS","CVS HEALTH CORP","","","","$82.83"
"04/30/2025","Reinvest Shares","SYK","STRYKER CORP","0.0361","$370.6167","","-$13.39"
"04/30/2025","Qual Div Reinvest","SYK","STRYKER CORP","","","","$13.39"
"04/24/2025","Reinvest Shares","CRM","SALESFORCE INC","0.0304","$261.539","","-$7.95"
"04/24/2025","Qual Div Reinvest","CRM","SALESFORCE INC","","","","$7.95"
"04/23/2025","Reinvest Shares","ORCL","ORACLE CORP","0.0718","$134.7011","","-$9.67"
"04/23/2025","Qual Div Reinvest","ORCL","ORACLE CORP","","","","$9.67"
"04/16/2025 as of 04/15/2025","Bank Interest","","BANK INT ...525 SCHWAB BANK","","","","$1.28"
"04/15/2025","Reinvest Shares","O","REALTY INCOME CORP REIT","0.3627","$56.7138","","-$20.57"
"04/15/2025","Non-Qualified Div","O","REALTY INCOME CORP REIT","","","","$20.57"
"04/14/2025","Reinvest Shares","MDLZ","MONDELEZ INTL INC CLASS A","0.3226","$67.5722","","-$21.80"
"04/14/2025","Qual Div Reinvest","MDLZ","MONDELEZ INTL INC CLASS A","","","","$21.80"
"04/11/2025","Reinvest Shares","DKS","DICKS SPORTING GOODS INC","0.1003","$181.4299","","-$18.19"
"04/11/2025","Reinvest Shares","PGR","PROGRESSIVE CORP OH","0.007","$270.4374","","-$1.90"
"04/11/2025","Qual Div Reinvest","PGR","PROGRESSIVE CORP OH","","","","$1.90"
"04/11/2025","Qual Div Reinvest","DKS","DICKS SPORTING GOODS INC","","","","$18.19"
"04/07/2025","Reinvest Shares","WMT","WALMART INC","0.0843","$83.5856","","-$7.05"
"04/07/2025","Qual Div Reinvest","WMT","WALMART INC","","","","$7.05"
"04/04/2025","Reinvest Shares","BILS","SPDR BLOOMBERG 3-12 MONTH T-BILL ETF","1.0447","$99.2588","","-$103.70"
"04/04/2025","Reinvest Dividend","BILS","SPDR BLOOMBERG 3-12 MONTH T-BILL ETF","","","","$103.70"
"04/03/2025","Reinvest Shares","VGLT","VAG LONG-TERM TREASURY ETF","0.1592","$58.6686","","-$9.34"
"04/03/2025","Reinvest Dividend","VGLT","VAG LONG-TERM TREASURY ETF","","","","$9.34"
"04/01/2025","Reinvest Shares","KO","THE COCA-COLA CO","0.7216","$71.6039","","-$51.67"
"04/01/2025","Qual Div Reinvest","KO","THE COCA-COLA CO","","","","$51.67"
"03/31/2025","Reinvest Shares","HCA","HCA HEALTHCARE INC","0.0232","$343.7936","","-$7.97"
"03/31/2025","Reinvest Shares","DLR","DIGITAL RLTY TR INC REIT","0.2194","$139.7999","","-$30.67"
"03/31/2025","Qual Div Reinvest","HCA","HCA HEALTHCARE INC","","","","$7.97"
"03/31/2025","Non-Qualified Div","DLR","DIGITAL RLTY TR INC REIT","","","","$30.67"
"03/28/2025","Reinvest Shares","WM","WASTE MGMT INC DEL","0.1075","$229.6259","","-$24.69"
"03/28/2025","Reinvest Shares","RSPN","INVSC SP ...500 EQUAL WGHT INDSTRL ETF","0.135","$49.2699","","-$6.65"
"03/28/2025","Reinvest Shares","PSCT","INVSC S&P SMALL TECH PORT ETF","0.0029","$41.236","","-$0.12"
"03/28/2025","Qual Div Reinvest","WM","WASTE MGMT INC DEL","","","","$24.69"
"03/28/2025","Reinvest Dividend","RSPN","INVSC SP ...500 EQUAL WGHT INDSTRL ETF","","","","$6.65"
"03/28/2025","Reinvest Dividend","PSCT","INVSC S&P SMALL TECH PORT ETF","","","","$0.12"
"03/27/2025","Reinvest Shares","VDE","VANGUARD ENERGY ETF","0.139","$129.88","","-$18.05"
"03/27/2025","Reinvest Shares","VFH","VANGUARD FINANCIALS ETF","0.4145","$120.7623","","-$50.05"
"03/27/2025","Reinvest Shares","VIS","VANGUARD INDUSTRIALS ETF","0.072","$252.7899","","-$18.21"
"03/27/2025","Reinvest Shares","VHT","VANGUARD HEALTH CARE ETF","0.0969","$264.45","","-$25.63"
"03/27/2025","Reinvest Dividend","VFH","VANGUARD FINANCIALS ETF","","","","$50.05"
"03/27/2025","Reinvest Dividend","VIS","VANGUARD INDUSTRIALS ETF","","","","$18.21"
"03/27/2025","Reinvest Dividend","VDE","VANGUARD ENERGY ETF","","","","$18.05"
"03/27/2025","Reinvest Dividend","VHT","VANGUARD HEALTH CARE ETF","","","","$25.63"
"03/26/2025","Reinvest Shares","XLP","SPDR FUND CONSUMER STAPLES ETF","0.3356","$79.48","","-$26.67"
"03/26/2025","Reinvest Shares","XLB","SPDR FUND MATERIALS SELECT SECTR ETF","0.1592","$86.44","","-$13.76"
"03/26/2025","Reinvest Shares","META","META PLATFORMS INC CLASS A","0.0137","$613.0911","","-$8.40"
"03/26/2025","Qual Div Reinvest","META","META PLATFORMS INC CLASS A","","","","$8.40"
"03/26/2025","Reinvest Shares","XLF","SELECT STR FINANCIAL SELECT SPDR ETF","0.4528","$50.8194","","-$23.01"
"03/26/2025","Reinvest Dividend","XLB","SPDR FUND MATERIALS SELECT SECTR ETF","","","","$13.76"
"03/26/2025","Reinvest Shares","XLE","ENERGY SELECT SECTOR SPDR ETF","0.1229","$94.5395","","-$11.62"
"03/26/2025","Reinvest Shares","XLU","SELECT SECTOR UTI SELECTSPDR ETF","0.947","$77.3099","","-$73.21"
"03/26/2025","Reinvest Shares","XLC","COMMUNICAT SVS SLCT SEC SPDR ETF","0.1358","$99.7892","","-$13.55"
"03/26/2025","Reinvest Dividend","XLF","SELECT STR FINANCIAL SELECT SPDR ETF","","","","$23.01"
"03/26/2025","Reinvest Dividend","XLP","SPDR FUND CONSUMER STAPLES ETF","","","","$26.67"
"03/26/2025","Reinvest Dividend","XLU","SELECT SECTOR UTI SELECTSPDR ETF","","","","$73.21"
"03/26/2025","Reinvest Dividend","XLE","ENERGY SELECT SECTOR SPDR ETF","","","","$11.62"
"03/26/2025","Reinvest Dividend","XLC","COMMUNICAT SVS SLCT SEC SPDR ETF","","","","$13.55"
"03/25/2025","Reinvest Shares","FTEC","FIDELITY MSCI INFOR TECHINDX ETF","0.2692","$171.4659","","-$46.16"
"03/25/2025","Reinvest Shares","FDIS","FIDELITY MSCI CONS DISCRINDX ETF","0.235","$88.1817","","-$20.72"
"03/25/2025","Reinvest Dividend","FTEC","FIDELITY MSCI INFOR TECHINDX ETF","","","","$46.16"
"03/25/2025","Reinvest Dividend","FDIS","FIDELITY MSCI CONS DISCRINDX ETF","","","","$20.72"
"03/17/2025","Reinvest Shares","GOOG","ALPHABET INC CLASS C","0.1007","$167.468","","-$16.86"
"03/17/2025","Qual Div Reinvest","GOOG","ALPHABET INC CLASS C","","","","$16.86"
"03/17/2025 as of 03/15/2025","Bank Interest","","BANK INT ...525 SCHWAB BANK","","","","$0.27"
"03/14/2025","Reinvest Shares","O","REALTY INCOME CORP REIT","0.3646","$56.0313","","-$20.43"
"03/14/2025","Non-Qualified Div","O","REALTY INCOME CORP REIT","","","","$20.43"
"03/13/2025","Reinvest Shares","MSFT","MICROSOFT CORP","0.0718","$382.5789","","-$27.47"
"03/13/2025","Qual Div Reinvest","MSFT","MICROSOFT CORP","","","","$27.47"
"03/11/2025","Wire Received","","WIRED FUNDS RECEIVED","","","","$30000.00"
"03/06/2025","Reinvest Shares","BILS","SPDR BLOOMBERG 3 12 MTH T BLL ETF","0.9532","$99.2183","","-$94.57"
"03/06/2025","Reinvest Dividend","BILS","SPDR BLOOMBERG 3 12 MTH T BLL ETF","","","","$94.57"
"03/05/2025","Reinvest Shares","VGLT","VANGUARD LONG TERM TREASURY ETF","0.1459","$57.66","","-$8.41"
"03/05/2025","Reinvest Dividend","VGLT","VANGUARD LONG TERM TREASURY ETF","","","","$8.41"
"03/04/2025","Reinvest Shares","ZTS","ZOETIS INC CLASS A","0.1029","$174.1699","","-$17.92"
"03/04/2025","Qual Div Reinvest","ZTS","ZOETIS INC CLASS A","","","","$17.92"
"03/03/2025","Reinvest Shares","V","VISA INC CLASS A","0.032","$365.0011","","-$11.67"
"03/03/2025","Qual Div Reinvest","V","VISA INC CLASS A","","","","$11.67"
"02/28/2025","Buy","DKS","DICKS SPORTING GOODS INC","15","$225.01","","-$3375.15"
"02/28/2025","Buy","WMT","WALMART INC","30","$97.775","","-$2933.25"
"02/28/2025","Buy","META","META PLATFORMS INC CLASS A","7","$660.7243","","-$4625.07"
"02/28/2025","Sell","O","REALTY INCOME CORP REIT","30","$56.81","$0.05","$1704.25"
"02/28/2025","Sell","CMCSA","COMCAST CORP NEW CLASS A","75.3359","$35.7751","$0.08","$2695.07"
"02/28/2025","Sell","DG","DOLLAR GEN CORP NEW","27.0685","$73.8101","$0.06","$1997.87"
"02/28/2025","Sell","PANW","PALO ALTO NETWORKS INC","8","$190.50","$0.04","$1523.96"
"02/21/2025","Reinvest Shares","COST","COSTCO WHSL CORP NEW","0.0047","$1033.6442","","-$4.89"
"02/21/2025","Qual Div Reinvest","COST","COSTCO WHSL CORP NEW","","","","$4.89"
"02/20/2025","Reinvest Shares","CAT","CATERPILLAR INC","0.0942","$350.8987","","-$33.04"
"02/20/2025","Qual Div Reinvest","CAT","CATERPILLAR INC","","","","$33.04"
"02/19/2025","Reinvest Shares","ET","ENERGY TRANSFER L P LP","1.5008","$20.2826","","-$30.44"
"02/19/2025","Reinvest Dividend","ET","ENERGY TRANSFER L P LP","","","","$30.44"
"02/18/2025","Reinvest Shares","PG","PROCTER & GAMBLE CO","0.147","$164.5364","","-$24.19"
"02/18/2025","Reinvest Shares","BX","BLACKSTONE INC","0.4","$166.645","","-$66.65"
"02/18/2025","Qual Div Reinvest","BX","BLACKSTONE INC","","","","$66.65"
"02/18/2025","Qual Div Reinvest","PG","PROCTER & GAMBLE CO","","","","$24.19"
"02/18/2025 as of 02/15/2025","Bank Interest","","BANK INT ...525 SCHWAB BANK","","","","$0.14"
"02/14/2025","Reinvest Shares","O","REALTY INCOME CORP REIT","0.506","$55.1591","","-$27.91"
"02/14/2025","Non-Qualified Div","O","REALTY INCOME CORP REIT","","","","$27.91"
"02/13/2025","Reinvest Shares","AAPL","APPLE INC","0.0664","$238.3965","","-$15.84"
"02/13/2025","Qual Div Reinvest","AAPL","APPLE INC","","","","$15.84"
"02/11/2025","Reinvest Shares","NUE","NUCOR CORP","0.0749","$138.6066","","-$10.38"
"02/11/2025","Qual Div Reinvest","NUE","NUCOR CORP","","","","$10.38"
"02/06/2025","Reinvest Shares","BILS","SPDR BLOOMBERG 3 12 MTH T BLL ETF","1.0776","$99.1989","","-$106.90"
"02/06/2025","Reinvest Dividend","BILS","SPDR BLOOMBERG 3 12 MTH T BLL ETF","","","","$106.90"
"02/05/2025","Reinvest Shares","VGLT","VANGUARD LONG TERM TREASURY ETF","0.1612","$56.76","","-$9.15"
"02/05/2025","Reinvest Dividend","VGLT","VANGUARD LONG TERM TREASURY ETF","","","","$9.15"
"02/03/2025","Reinvest Shares","CVS","CVS HEALTH CORP","1.4557","$56.2354","","-$81.86"
"02/03/2025","Qual Div Reinvest","CVS","CVS HEALTH CORP","","","","$81.86"
"01/31/2025","Reinvest Shares","SYK","STRYKER CORP","0.0339","$394.5895","","-$13.36"
"01/31/2025","Qual Div Reinvest","SYK","STRYKER CORP","","","","$13.36"
"01/29/2025","Reinvest Shares","CMCSA","COMCAST CORP NEW CLASS A","0.615","$37.659","","-$23.16"
"01/29/2025","Qual Div Reinvest","CMCSA","COMCAST CORP NEW CLASS A","","","","$23.16"
"01/23/2025","Reinvest Shares","ORCL","ORACLE CORP","0.0417","$185.3492","","-$7.72"
"01/23/2025","Qual Div Reinvest","ORCL","ORACLE CORP","","","","$7.72"
"01/21/2025","Reinvest Shares","DG","DOLLAR GEN CORP NEW","0.225","$70.3916","","-$15.84"
"01/21/2025","Qual Div Reinvest","DG","DOLLAR GEN CORP NEW","","","","$15.84"
"01/17/2025","Reinvest Shares","DLR","DIGITAL RLTY TR INC REIT","0.1683","$180.9732","","-$30.46"
"01/17/2025","Pr Yr Non Qual Div","DLR","DIGITAL RLTY TR INC REIT","","","","$30.46"
"01/16/2025","Reinvest Shares","PGR","PROGRESSIVE CORP OH","0.0077","$245.31","","-$1.90"
"01/16/2025","Special Qual Div","PGR","PROGRESSIVE CORP OH","","","","$85.50"
"01/16/2025","Qual Div Reinvest","PGR","PROGRESSIVE CORP OH","","","","$1.90"
"01/16/2025 as of 01/15/2025","Bank Interest","","BANK INT ...525 SCHWAB BANK","","","","$0.14"
"01/15/2025","Reinvest Shares","O","REALTY INCOME CORP REIT","0.5172","$53.7168","","-$27.78"
"01/15/2025","Non-Qualified Div","O","REALTY INCOME CORP REIT","","","","$27.78"
"01/14/2025","Reinvest Shares","MDLZ","MONDELEZ INTL INC CLASS A","0.3826","$56.505","","-$21.62"
"01/14/2025","Qual Div Reinvest","MDLZ","MONDELEZ INTL INC CLASS A","","","","$21.62"
"01/10/2025","Reinvest Shares","CRM","SALESFORCE INC","0.0239","$318.9428","","-$7.63"
"01/09/2025","Qual Div Reinvest","CRM","SALESFORCE INC","","","","$7.63"
"12/27/2024","Reinvest Shares","META","META PLATFORMS INC CLASS A","0.0076","$592.2147","","-$4.50"
"12/27/2024","Reinvest Shares","VGLT","VANGUARD LONG TERM TREASURY ETF","0.1653","$55.3499","","-$9.15"
"12/27/2024","Reinvest Shares","RSPN","INVSC SP ...500 EQUAL WGHT INDSTRL ETF","0.185","$51.1899","","-$9.47"
"12/27/2024","Reinvest Shares","HCA","HCA HEALTHCARE INC","0.0241","$302.9992","","-$7.29"
"12/27/2024","Reinvest Dividend","VGLT","VANGUARD LONG TERM TREASURY ETF","","","","$9.15"
"12/27/2024","Reinvest Dividend","RSPN","INVSC SP ...500 EQUAL WGHT INDSTRL ETF","","","","$9.47"
"12/27/2024","Qual Div Reinvest","HCA","HCA HEALTHCARE INC","","","","$7.29"
"12/27/2024","Qual Div Reinvest","META","META PLATFORMS INC CLASS A","","","","$4.50"
"12/26/2024","Reinvest Shares","XLU","SELECT SECTOR UTI SELECTSPDR ETF","1.0776","$76.24","","-$82.16"
"12/26/2024","Reinvest Shares","XLF","SELECT STR FINANCIAL SELECT SPDR ETF","0.5395","$49.01","","-$26.44"
"12/26/2024","Reinvest Shares","XLE","ENERGY SELECT SECTOR SPDR ETF","0.1331","$84.5897","","-$11.26"
"12/26/2024","Reinvest Shares","XLP","SPDR FUND CONSUMER STAPLES ETF","0.4795","$79.50","","-$38.12"
"12/26/2024","Reinvest Dividend","XLF","SELECT STR FINANCIAL SELECT SPDR ETF","","","","$26.44"
"12/26/2024","Reinvest Shares","XLC","COMMUNICAT SVS SLCT SEC SPDR ETF IV","0.1209","$98.7957","","-$11.94"
"12/26/2024","Reinvest Shares","XLB","SPDR FUND MATERIALS SELECT SECTR ETF","0.1749","$85.4581","","-$14.95"
"12/26/2024","Reinvest Dividend","XLP","SPDR FUND CONSUMER STAPLES ETF","","","","$38.12"
"12/26/2024","Reinvest Dividend","XLB","SPDR FUND MATERIALS SELECT SECTR ETF","","","","$14.95"
"12/26/2024","Reinvest Dividend","XLU","SELECT SECTOR UTI SELECTSPDR ETF","","","","$82.16"
"12/26/2024","Reinvest Dividend","XLC","COMMUNICAT SVS SLCT SEC SPDR ETF IV","","","","$11.94"
"12/26/2024","Reinvest Dividend","XLE","ENERGY SELECT SECTOR SPDR ETF","","","","$11.26"
"12/24/2024","Reinvest Shares","FTEC","FIDELITY MSCI INFOR TECHINDX ETF","0.2222","$191.2499","","-$42.50"
"12/24/2024","Reinvest Shares","BILS","SPDR BLOOMBERG 3 12 MTH T BLL ETF","1.0842","$99.0792","","-$107.42"
"12/24/2024","Reinvest Dividend","FTEC","FIDELITY MSCI INFOR TECHINDX ETF","","","","$42.50"
"12/24/2024","Reinvest Shares","FDIS","FIDELITY MSCI CONS DISCRINDX ETF","0.1678","$100.9399","","-$16.94"
"12/24/2024","Reinvest Shares","NLR","VANECK URANIUM AND NUCLEAR ETF","0.4562","$82.4399","","-$37.61"
"12/24/2024","Reinvest Dividend","FDIS","FIDELITY MSCI CONS DISCRINDX ETF","","","","$16.94"
"12/24/2024","Reinvest Dividend","NLR","VANECK URANIUM AND NUCLEAR ETF","","","","$37.61"
"12/24/2024","Reinvest Dividend","BILS","SPDR BLOOMBERG 3 12 MTH T BLL ETF","","","","$107.42"
"12/20/2024","Reinvest Shares","VHT","VANGUARD HEALTH CARE ETF","0.0984","$253.65","","-$24.97"
"12/20/2024","Reinvest Shares","VFH","VANGUARD FINANCIALS ETF","0.5441","$117.67","","-$64.03"
"12/20/2024","Reinvest Shares","WM","WASTE MGMT INC DEL","0.1086","$205.8296","","-$22.36"
"12/20/2024","Reinvest Shares","VDE","VANGUARD ENERGY ETF","0.1547","$117.86","","-$18.23"
"12/20/2024","Reinvest Dividend","VDE","VANGUARD ENERGY ETF","","","","$18.23"
"12/20/2024","Reinvest Shares","VIS","VANGUARD INDUSTRIALS ETF","0.0894","$254.5801","","-$22.76"
"12/20/2024","Qual Div Reinvest","WM","WASTE MGMT INC DEL","","","","$22.36"
"12/20/2024","Reinvest Dividend","VIS","VANGUARD INDUSTRIALS ETF","","","","$22.76"
"12/20/2024","Reinvest Dividend","VHT","VANGUARD HEALTH CARE ETF","","","","$24.97"
"12/20/2024","Reinvest Dividend","VFH","VANGUARD FINANCIALS ETF","","","","$64.03"
"12/16/2024","Reinvest Shares","KO","THE COCA-COLA CO","0.7678","$63.5166","","-$48.77"
"12/16/2024","Reinvest Shares","GOOG","ALPHABET INC CLASS C","0.0864","$195.018","","-$16.84"
"12/16/2024","Qual Div Reinvest","KO","THE COCA-COLA CO","","","","$48.77"
"12/16/2024","Qual Div Reinvest","GOOG","ALPHABET INC CLASS C","","","","$16.84"
"12/16/2024 as of 12/15/2024","Bank Interest","","BANK INT ...524 SCHWAB BANK","","","","$0.25"
"12/16/2024 as of 12/13/2024","Stock Split","PANW","PALO ALTO NETWORKS INC","4","$196.56","",""
"12/13/2024","Reinvest Shares","O","REALTY INCOME CORP REIT","0.5024","$54.9137","","-$27.59"
"12/13/2024","Non-Qualified Div","O","REALTY INCOME CORP REIT","","","","$27.59"
"12/12/2024","Reinvest Shares","MSFT","MICROSOFT CORP","0.0603","$454.35","","-$27.42"
"12/12/2024","Qual Div Reinvest","MSFT","MICROSOFT CORP","","","","$27.42"
"12/05/2024","Reinvest Shares","BILS","SPDR BLOOMBERG 3 12 MTH T BLL ETF","1.0735","$99.1899","","-$106.48"
"12/05/2024","Reinvest Dividend","BILS","SPDR BLOOMBERG 3 12 MTH T BLL ETF","","","","$106.48"
"12/04/2024","Reinvest Shares","VGLT","VANGUARD LONG TERM TREASURY ETF","0.1625","$58.9599","","-$9.58"
"12/04/2024","Reinvest Dividend","VGLT","VANGUARD LONG TERM TREASURY ETF","","","","$9.58"
"12/03/2024","Reinvest Shares","ZTS","ZOETIS INC CLASS A","0.087","$177.5033","","-$15.44"
"12/03/2024","Qual Div Reinvest","ZTS","ZOETIS INC CLASS A","","","","$15.44"
"12/02/2024","Reinvest Shares","V","VISA INC CLASS A","0.0369","$315.625","","-$11.65"
"12/02/2024","Qual Div Reinvest","V","VISA INC CLASS A","","","","$11.65"
"11/20/2024","Reinvest Shares","CAT","CATERPILLAR INC","0.0863","$381.6351","","-$32.92"
"11/20/2024","Qual Div Reinvest","CAT","CATERPILLAR INC","","","","$32.92"
"11/19/2024","Reinvest Shares","ET","ENERGY TRANSFER L P LP","1.6604","$17.8696","","-$29.67"
"11/19/2024","Reinvest Dividend","ET","ENERGY TRANSFER L P LP","","","","$29.67"
"11/18/2024 as of 11/15/2024","Bank Interest","","BANK INT ...524 SCHWAB BANK","","","","$4.34"
"11/15/2024","Reinvest Shares","O","REALTY INCOME CORP REIT","0.4878","$56.2904","","-$27.46"
"11/15/2024","Reinvest Shares","COST","COSTCO WHSL CORP NEW","0.0053","$917.8602","","-$4.88"
"11/15/2024","Reinvest Shares","PG","PROCTER & GAMBLE CO","0.1423","$169.0122","","-$24.05"
"11/15/2024","Qual Div Reinvest","COST","COSTCO WHSL CORP NEW","","","","$4.88"
"11/15/2024","Non-Qualified Div","O","REALTY INCOME CORP REIT","","","","$27.46"
"11/15/2024","Qual Div Reinvest","PG","PROCTER & GAMBLE CO","","","","$24.05"
"11/14/2024","Reinvest Shares","AAPL","APPLE INC","0.0754","$226.2704","","-$17.07"
"11/14/2024","Qual Div Reinvest","AAPL","APPLE INC","","","","$17.07"
"11/12/2024","Buy","91282CLW9","US TREASUR NT 4.25%11/34UST NOTE DUE 11/15/34","25,000","$99.0349","","-$24758.72"
"11/11/2024","Buy","PGR","PROGRESSIVE CORP OH","19","$261.92","","-$4976.48"
"11/11/2024","Buy","MDLZ","MONDELEZ INTL INC CLASS A","46","$66.3038","","-$3049.97"
"11/11/2024","Buy","META","META PLATFORMS INC CLASS A","9","$581.6499","","-$5234.85"
"11/11/2024","Sell","NLR","VANECK URANIUM AND NUCLEAR ETF","11","$89.515","$0.03","$984.64"
"11/11/2024","Sell","VFH","VANGUARD FINANCIALS ETF","17","$123.26","$0.06","$2095.36"
"11/11/2024","Sell","TSN","TYSON FOODS INC CLASS A","41.4219","$59.3635","$0.08","$2458.87"
"11/11/2024","Sell","FTEC","FIDELITY MSCI INFOR TECHINDX ETF","11","$184.4956","$0.06","$2029.39"
"11/11/2024","Sell","AAPL","APPLE INC","5","$222.365","$0.03","$1111.80"
"11/11/2024","Sell","MSFT","MICROSOFT CORP","3","$418.64","$0.03","$1255.89"
"11/11/2024","Sell","GOOG","ALPHABET INC CLASS C","6","$181.57","$0.03","$1089.39"
"11/08/2024","Reinvest Shares","NUE","NUCOR CORP","0.0634","$160.2882","","-$10.16"
"11/08/2024","Qual Div Reinvest","NUE","NUCOR CORP","","","","$10.16"
"11/06/2024","Reinvest Shares","BILS","SPDR BLOOMBERG 3 12 MTH T BLL ETF","1.1526","$99.1893","","-$114.33"
"11/06/2024","Reinvest Dividend","BILS","SPDR BLOOMBERG 3 12 MTH T BLL ETF","","","","$114.33"
"11/05/2024","Reinvest Shares","VGLT","VANGUARD LONG TERM TREASURY ETF","0.161","$57.6999","","-$9.29"
"11/05/2024","Reinvest Dividend","VGLT","VANGUARD LONG TERM TREASURY ETF","","","","$9.29"
"11/04/2024","Reinvest Shares","BX","BLACKSTONE INC","0.2358","$167.9673","","-$39.60"
"11/04/2024","Qual Div Reinvest","BX","BLACKSTONE INC","","","","$39.60"
"11/01/2024","Reinvest Shares","CVS","CVS HEALTH CORP","1.4242","$56.8102","","-$80.91"
"11/01/2024","Qual Div Reinvest","CVS","CVS HEALTH CORP","","","","$80.91"
"10/31/2024","Reinvest Shares","SYK","STRYKER CORP","0.035","$362.8763","","-$12.69"
"10/31/2024","Qual Div Reinvest","SYK","STRYKER CORP","","","","$12.69"
"10/24/2024","Reinvest Shares","ORCL","ORACLE CORP","0.0442","$174.5202","","-$7.71"
"10/24/2024","Qual Div Reinvest","ORCL","ORACLE CORP","","","","$7.71"
"10/23/2024","Reinvest Shares","CMCSA","COMCAST CORP NEW CLASS A","0.5533","$41.5528","","-$22.99"
"10/23/2024","Qual Div Reinvest","CMCSA","COMCAST CORP NEW CLASS A","","","","$22.99"
"10/22/2024","Reinvest Shares","DG","DOLLAR GEN CORP NEW","0.1942","$80.9399","","-$15.72"
"10/22/2024","Qual Div Reinvest","DG","DOLLAR GEN CORP NEW","","","","$15.72"
"10/16/2024 as of 10/15/2024","Bank Interest","","BANK INT ...524 SCHWAB BANK","","","","$5.54"
"10/15/2024","Reinvest Shares","O","REALTY INCOME CORP REIT","0.4315","$63.3776","","-$27.35"
"10/15/2024","Non-Qualified Div","O","REALTY INCOME CORP REIT","","","","$27.35"
"10/08/2024","Reinvest Shares","CRM","SALESFORCE INC","0.0266","$286.505","","-$7.62"
"10/08/2024","Qual Div Reinvest","CRM","SALESFORCE INC","","","","$7.62"
"10/04/2024","Reinvest Shares","BILS","SPDR BLOOMBERG 3 12 MTH T BLL ETF","1.1841","$99.2392","","-$117.51"
"10/04/2024","Reinvest Dividend","BILS","SPDR BLOOMBERG 3 12 MTH T BLL ETF","","","","$117.51"
"10/03/2024","Reinvest Shares","VGLT","VANGUARD LONG TERM TREASURY ETF","0.1409","$60.9699","","-$8.59"
"10/03/2024","Reinvest Dividend","VGLT","VANGUARD LONG TERM TREASURY ETF","","","","$8.59"
"10/01/2024","Reinvest Shares","VHT","VANGUARD HEALTH CARE ETF","0.1126","$280.46","","-$31.58"
"10/01/2024","Reinvest Shares","KO","THE COCA-COLA CO","0.6684","$72.4738","","-$48.44"
"10/01/2024","Reinvest Shares","VIS","VANGUARD INDUSTRIALS ETF","0.068","$259.1793","","-$17.62"
"10/01/2024","Reinvest Shares","VDE","VANGUARD ENERGY ETF","0.1586","$124.11","","-$19.69"
"10/01/2024","Reinvest Shares","VFH","VANGUARD FINANCIALS ETF","0.5797","$108.57","","-$62.94"
"10/01/2024","Qual Div Reinvest","KO","THE COCA-COLA CO","","","","$48.44"
"10/01/2024","Reinvest Dividend","VHT","VANGUARD HEALTH CARE ETF","","","","$31.58"
"10/01/2024","Reinvest Dividend","VFH","VANGUARD FINANCIALS ETF","","","","$62.94"
"10/01/2024","Reinvest Dividend","VIS","VANGUARD INDUSTRIALS ETF","","","","$17.62"
"10/01/2024","Reinvest Dividend","VDE","VANGUARD ENERGY ETF","","","","$19.69"
"09/30/2024","Reinvest Shares","HCA","HCA HEALTHCARE INC","0.0182","$400.417","","-$7.27"
"09/30/2024","Reinvest Shares","DLR","DIGITAL RLTY TR INC REIT","0.1882","$160.657","","-$30.23"
"09/30/2024","Qual Div Reinvest","HCA","HCA HEALTHCARE INC","","","","$7.27"
"09/30/2024","Non-Qualified Div","DLR","DIGITAL RLTY TR INC REIT","","","","$30.23"
"09/27/2024","Reinvest Shares","WM","WASTE MGMT INC DEL","0.1078","$206.6901","","-$22.28"
"09/27/2024","Reinvest Shares","RSPN","INVSC SP ...500 EQUAL WGHT INDSTRL ETF","0.1343","$51.0699","","-$6.86"
"09/27/2024","Reinvest Dividend","RSPN","INVSC SP ...500 EQUAL WGHT INDSTRL ETF","","","","$6.86"
"09/27/2024","Qual Div Reinvest","WM","WASTE MGMT INC DEL","","","","$22.28"
"09/25/2024","Reinvest Shares","XLF","SELECT STR FINANCIAL SELECT SPDR ETF","0.4715","$44.77","","-$21.11"
"09/25/2024","Reinvest Shares","XLB","SPDR FUND MATERIALS SELECT SECTR ETF","0.1466","$95.6399","","-$14.02"
"09/25/2024","Reinvest Shares","XLE","ENERGY SELECT SECTOR SPDR ETF","0.1317","$88.14","","-$11.61"
"09/25/2024","Reinvest Shares","XLC","COMMUNICAT SVS SLCT SEC SPDR ETF","0.1407","$89.5699","","-$12.60"
"09/25/2024","Reinvest Dividend","XLF","SELECT STR FINANCIAL SELECT SPDR ETF","","","","$21.11"
"09/25/2024","Reinvest Shares","XLU","SELECT SECTOR UTI SELECTSPDR ETF","0.8788","$79.78","","-$70.11"
"09/25/2024","Reinvest Shares","XLP","SPDR FUND CONSUMER STAPLES ETF","0.334","$82.73","","-$27.63"
"09/25/2024","Buy","ET","ENERGY TRANSFER L P LP","92","$16.225","","-$1492.70"
"09/25/2024","Sell","VDE","VANGUARD ENERGY ETF","12","$124.9401","$0.04","$1499.24"
"09/25/2024","Reinvest Dividend","XLB","SPDR FUND MATERIALS SELECT SECTR ETF","","","","$14.02"
"09/25/2024","Reinvest Dividend","XLE","ENERGY SELECT SECTOR SPDR ETF","","","","$11.61"
"09/25/2024","Reinvest Dividend","XLU","SELECT SECTOR UTI SELECTSPDR ETF","","","","$70.11"
"09/25/2024","Reinvest Dividend","XLC","COMMUNICAT SVS SLCT SEC SPDR ETF","","","","$12.60"
"09/25/2024","Reinvest Dividend","XLP","SPDR FUND CONSUMER STAPLES ETF","","","","$27.63"
"09/24/2024","Reinvest Shares","FTEC","FIDELITY MSCI INFOR TECHINDX ETF","0.2768","$171.6872","","-$47.52"
"09/24/2024","Reinvest Shares","FDIS","FIDELITY MSCI CONS DISCRINDX ETF","0.1836","$88.3299","","-$16.22"
"09/24/2024","Reinvest Dividend","FTEC","FIDELITY MSCI INFOR TECHINDX ETF","","","","$47.52"
"09/24/2024","Reinvest Dividend","FDIS","FIDELITY MSCI CONS DISCRINDX ETF","","","","$16.22"
"09/16/2024","Reinvest Shares","GOOG","ALPHABET INC CLASS C","0.1135","$158.7192","","-$18.02"
"09/16/2024","Qual Div Reinvest","GOOG","ALPHABET INC CLASS C","","","","$18.02"
"09/16/2024 as of 09/15/2024","Bank Interest","","BANK INT ...524 SCHWAB BANK","","","","$4.08"
"09/13/2024","Reinvest Shares","TSN","TYSON FOODS INC CLASS A","0.325","$61.9736","","-$20.14"
"09/13/2024","Reinvest Shares","O","REALTY INCOME CORP REIT","0.4356","$62.398","","-$27.18"
"09/13/2024","Qual Div Reinvest","TSN","TYSON FOODS INC CLASS A","","","","$20.14"
"09/13/2024","Non-Qualified Div","O","REALTY INCOME CORP REIT","","","","$27.18"
"09/12/2024","Reinvest Shares","MSFT","MICROSOFT CORP","0.064","$421.5414","","-$26.98"
"09/12/2024","Qual Div Reinvest","MSFT","MICROSOFT CORP","","","","$26.98"
"09/06/2024","Reinvest Shares","BILS","SPDR BLOOMBERG 3 12 MTH T BLL ETF","1.2406","$99.2178","","-$123.09"
"09/06/2024","Reinvest Dividend","BILS","SPDR BLOOMBERG 3 12 MTH T BLL ETF","","","","$123.09"
"09/05/2024","Reinvest Shares","VGLT","VANGUARD LONG TERM TREASURY ETF","0.1432","$62.0099","","-$8.88"
"09/05/2024","Reinvest Dividend","VGLT","VANGUARD LONG TERM TREASURY ETF","","","","$8.88"
"09/04/2024","Wire Received","","WIRED FUNDS RECEIVED","","","","$30000.00"
"09/04/2024","Reinvest Shares","ZTS","ZOETIS INC CLASS A","0.0843","$182.8347","","-$15.41"
"09/04/2024","Qual Div Reinvest","ZTS","ZOETIS INC CLASS A","","","","$15.41"
"09/03/2024","Reinvest Shares","V","VISA INC CLASS A","0.0366","$279.7562","","-$10.25"
"09/03/2024","Qual Div Reinvest","V","VISA INC CLASS A","","","","$10.25"
"08/20/2024","Reinvest Shares","CAT","CATERPILLAR INC","0.0953","$344.0777","","-$32.79"
"08/20/2024","Qual Div Reinvest","CAT","CATERPILLAR INC","","","","$32.79"
"08/16/2024 as of 08/15/2024","Bank Interest","","BANK INT ...524 SCHWAB BANK","","","","$0.03"
"08/15/2024","Reinvest Shares","O","REALTY INCOME CORP REIT","0.453","$59.7396","","-$27.06"
"08/15/2024","Reinvest Shares","PG","PROCTER & GAMBLE","0.1426","$167.6174","","-$23.90"
"08/15/2024","Reinvest Shares","AAPL","APPLE INC","0.0758","$224.8589","","-$17.05"
"08/15/2024","Non-Qualified Div","O","REALTY INCOME CORP REIT","","","","$27.06"
"08/15/2024","Qual Div Reinvest","AAPL","APPLE INC","","","","$17.05"
"08/15/2024","Qual Div Reinvest","PG","PROCTER & GAMBLE","","","","$23.90"
"08/09/2024","Reinvest Shares","COST","COSTCO WHOLESALE CO","0.0058","$848.5769","","-$4.88"
"08/09/2024","Reinvest Shares","NUE","NUCOR CORP","0.07","$144.545","","-$10.12"
"08/09/2024","Qual Div Reinvest","NUE","NUCOR CORP","","","","$10.12"
"08/09/2024","Qual Div Reinvest","COST","COSTCO WHOLESALE CO","","","","$4.88"
"08/06/2024","Reinvest Shares","BILS","SPDR BLOOMBERG 3 12 MTH T BLL ETF","1.2585","$99.179","","-$124.82"
"08/06/2024","Reinvest Dividend","BILS","SPDR BLOOMBERG 3 12 MTH T BLL ETF","","","","$124.82"
"08/05/2024","Reinvest Shares","BX","BLACKSTONE INC","0.29","$129.3669","","-$37.52"
"08/05/2024","Reinvest Shares","VGLT","VANGUARD LONG TERM TREASURY ETF","0.1408","$61.9896","","-$8.73"
"08/05/2024","Qual Div Reinvest","BX","BLACKSTONE INC","","","","$37.52"
"08/05/2024","Reinvest Dividend","VGLT","VANGUARD LONG TERM TREASURY ETF","","","","$8.73"
"08/01/2024","Reinvest Shares","CVS","CVS HEALTH CORP","1.3398","$59.7272","","-$80.02"
"08/01/2024","Qual Div Reinvest","CVS","CVS HEALTH CORP","","","","$80.02"
"07/31/2024","Reinvest Shares","SYK","STRYKER CORP","0.0393","$322.07","","-$12.66"
"07/31/2024","Qual Div Reinvest","SYK","STRYKER CORP","","","","$12.66"
"07/25/2024","Reinvest Shares","CRM","SALESFORCE INC","0.03","$254.09","","-$7.61"
"07/25/2024","Reinvest Shares","ORCL","ORACLE CORP","0.0553","$138.9676","","-$7.68"
"07/25/2024","Qual Div Reinvest","ORCL","ORACLE CORP","","","","$7.68"
"07/25/2024","Qual Div Reinvest","CRM","SALESFORCE INC","","","","$7.61"
"07/24/2024","Reinvest Shares","CMCSA","COMCAST CORP CLASS A","0.6052","$37.6707","","-$22.80"
"07/24/2024","Qual Div Reinvest","CMCSA","COMCAST CORP CLASS A","","","","$22.80"
"07/23/2024","Reinvest Shares","DG","DOLLAR GENERAL CORP","0.1286","$121.73","","-$15.65"
"07/23/2024","Qual Div Reinvest","DG","DOLLAR GENERAL CORP","","","","$15.65"
"07/16/2024 as of 07/15/2024","Bank Interest","","BANK INT ...524 SCHWAB BANK","","","","$0.03"
"07/15/2024","Reinvest Shares","O","REALTY INCOME CORP REIT","0.483","$55.7806","","-$26.94"
"07/15/2024","Non-Qualified Div","O","REALTY INCOME CORP REIT","","","","$26.94"
"07/05/2024","Reinvest Shares","BILS","SPDR BLOOMBERG 3 12 MTH T BLL ETF","1.2176","$99.075","","-$120.63"
"07/05/2024","Reinvest Dividend","BILS","SPDR BLOOMBERG 3 12 MTH T BLL ETF","","","","$120.63"
"07/03/2024","Reinvest Shares","VGLT","VANGUARD LONG TERM TREASURY ETF","0.1478","$57.5193","","-$8.50"
"07/03/2024","Reinvest Dividend","VGLT","VANGUARD LONG TERM TREASURY ETF","","","","$8.50"
"07/02/2024","Reinvest Shares","VIS","VANGUARD INDUSTRIALS ETF","0.0793","$232.5271","","-$18.45"
"07/02/2024","Reinvest Shares","VHT","VANGUARD HEALTH CARE ETF","0.0991","$262.68","","-$26.04"
"07/02/2024","Reinvest Shares","VDE","VANGUARD ENERGY ETF","0.2252","$128.38","","-$28.91"
"07/02/2024","Reinvest Shares","VFH","VANGUARD FINANCIALS ETF","0.5209","$100.29","","-$52.24"
"07/02/2024","Reinvest Dividend","VHT","VANGUARD HEALTH CARE ETF","","","","$26.04"
"07/02/2024","Reinvest Dividend","VIS","VANGUARD INDUSTRIALS ETF","","","","$18.45"
"07/02/2024","Reinvest Dividend","VDE","VANGUARD ENERGY ETF","","","","$28.91"
"07/02/2024","Reinvest Dividend","VFH","VANGUARD FINANCIALS ETF","","","","$52.24"
"07/01/2024","Reinvest Shares","KO","THE COCA-COLA CO","0.7572","$63.4937","","-$48.08"
"07/01/2024","Qual Div Reinvest","KO","THE COCA-COLA CO","","","","$48.08"
"06/28/2024","Reinvest Shares","RSPN","INVSC SP ...500 EQUAL WGHT INDSTRL ETF","0.1405","$45.7599","","-$6.43"
"06/28/2024","Reinvest Shares","PSCT","INVSC S&P SMALL TECH PORT ETF IV","0.0028","$46.9051","","-$0.13"
"06/28/2024","Reinvest Shares","HCA","HCA HEALTHCARE INC","0.0218","$333.184","","-$7.26"
"06/28/2024","Reinvest Shares","DLR","DIGITAL REALTY TRUST REIT","0.1982","$151.2788","","-$29.99"
"06/28/2024","Reinvest Dividend","RSPN","INVSC SP ...500 EQUAL WGHT INDSTRL ETF","","","","$6.43"
"06/28/2024","Non-Qualified Div","DLR","DIGITAL REALTY TRUST REIT","","","","$29.99"
"06/28/2024","Reinvest Dividend","PSCT","INVSC S&P SMALL TECH PORT ETF IV","","","","$0.13"
"06/28/2024","Qual Div Reinvest","HCA","HCA HEALTHCARE INC","","","","$7.26"
"06/26/2024","Reinvest Shares","XLU","SELECT SECTOR UTI SELECTSPDR ETF","1.0424","$68.65","","-$71.56"
"06/26/2024","Reinvest Shares","XLF","SELECT STR FINANCIAL SELECT SPDR ETF","0.5057","$40.95","","-$20.71"
"06/26/2024","Reinvest Shares","XLE","ENERGY SELECT SECTOR SPDR ETF","0.1248","$90.6799","","-$11.32"
"06/26/2024","Reinvest Dividend","XLF","SELECT STR FINANCIAL SELECT SPDR ETF","","","","$20.71"
"06/26/2024","Reinvest Dividend","XLU","SELECT SECTOR UTI SELECTSPDR ETF","","","","$71.56"
"06/26/2024","Reinvest Shares","XLC","COMMUNICAT SVS SLCT SEC SPDR ETF","0.1222","$85.6698","","-$10.47"
"06/26/2024","Reinvest Shares","XLP","SPDR FUND CONSUMER STAPLES ETF","0.4708","$77.23","","-$36.36"
"06/26/2024","Reinvest Shares","XLB","SPDR FUND MATERIALS SELECT SECTR ETF","0.1608","$88.2647","","-$14.19"
"06/26/2024","Reinvest Dividend","XLE","ENERGY SELECT SECTOR SPDR ETF","","","","$11.32"
"06/26/2024","Reinvest Dividend","XLC","COMMUNICAT SVS SLCT SEC SPDR ETF","","","","$10.47"
"06/26/2024","Reinvest Dividend","XLP","SPDR FUND CONSUMER STAPLES ETF","","","","$36.36"
"06/26/2024","Reinvest Dividend","XLB","SPDR FUND MATERIALS SELECT SECTR ETF","","","","$14.19"
"06/25/2024","Reinvest Shares","FDIS","FIDELITY MSCI CONS DISCRINDX ETF","0.2064","$80.345","","-$16.58"
"06/25/2024","Reinvest Shares","FTEC","FIDELITY MSCI INFOR TECHINDX ETF","0.2887","$169.5099","","-$48.93"
"06/25/2024","Reinvest Dividend","FTEC","FIDELITY MSCI INFOR TECHINDX ETF","","","","$48.93"
"06/25/2024","Reinvest Dividend","FDIS","FIDELITY MSCI CONS DISCRINDX ETF","","","","$16.58"
"06/21/2024","Reinvest Shares","WM","WASTE MANAGEMENT INC","0.1063","$208.9353","","-$22.20"
"06/21/2024","Qual Div Reinvest","WM","WASTE MANAGEMENT INC","","","","$22.20"
"06/17/2024","Reinvest Shares","GOOG","ALPHABET INC. CLASS C","0.1016","$177.1147","","-$18.00"
"06/17/2024","Qual Div Reinvest","GOOG","ALPHABET INC. CLASS C","","","","$18.00"
"06/17/2024 as of 06/15/2024","Bank Interest","","BANK INT ...524 SCHWAB BANK","","","","$0.21"
"06/14/2024","Reinvest Shares","O","REALTY INCOME CORP REIT","0.5019","$53.2981","","-$26.75"
"06/14/2024","Non-Qualified Div","O","REALTY INCOME CORP REIT","","","","$26.75"
"06/14/2024","Reinvest Shares","TSN","TYSON FOODS INC CLASS A","0.3708","$53.8335","","-$19.96"
"06/14/2024","Qual Div Reinvest","TSN","TYSON FOODS INC CLASS A","","","","$19.96"
"06/13/2024","Reinvest Shares","MSFT","MICROSOFT CORP","0.061","$441.6688","","-$26.94"
"06/13/2024","Qual Div Reinvest","MSFT","MICROSOFT CORP","","","","$26.94"
"06/06/2024","Reinvest Shares","BILS","SPDR BLOOMBERG 3 12 MTH T BLL ETF","1.2397","$99.0499","","-$122.79"
"06/06/2024","Reinvest Dividend","BILS","SPDR BLOOMBERG 3 12 MTH T BLL ETF","","","","$122.79"
"06/05/2024","Reinvest Shares","VGLT","VANGUARD LONG TERM TREASURY ETF","0.1498","$58.1995","","-$8.72"
"06/05/2024","Reinvest Dividend","VGLT","VANGUARD LONG TERM TREASURY ETF","","","","$8.72"
"06/04/2024","Reinvest Shares","ZTS","ZOETIS INC CLASS A","0.0896","$171.5894","","-$15.37"
"06/04/2024","Qual Div Reinvest","ZTS","ZOETIS INC CLASS A","","","","$15.37"
"06/03/2024","Reinvest Shares","V","VISA INC CLASS A","0.0378","$270.7773","","-$10.23"
"06/03/2024","Qual Div Reinvest","V","VISA INC CLASS A","","","","$10.23"
"05/20/2024","Reinvest Shares","CAT","CATERPILLAR INC","0.0836","$360.401","","-$30.12"
"05/20/2024","Buy","VHT","VANGUARD HEALTH CARE ETF","9","$266.40","","-$2397.60"
"05/20/2024","Qual Div Reinvest","CAT","CATERPILLAR INC","","","","$30.12"
"05/16/2024","Reinvest Shares","AAPL","APPLE INC","0.0894","$190.4415","","-$17.03"
"05/16/2024","Qual Div Reinvest","AAPL","APPLE INC","","","","$17.03"
"05/16/2024 as of 05/15/2024","Bank Interest","","BANK INT ...524 SCHWAB BANK","","","","$0.91"
"05/15/2024","Reinvest Shares","PG","PROCTER & GAMBLE","0.1431","$165.9825","","-$23.76"
"05/15/2024","Reinvest Shares","O","REALTY INCOME CORP REIT","0.4722","$55.2078","","-$26.07"
"05/15/2024","Qual Div Reinvest","PG","PROCTER & GAMBLE","","","","$23.76"
"05/15/2024","Non-Qualified Div","O","REALTY INCOME CORP REIT","","","","$26.07"
"05/10/2024","Reinvest Shares","COST","COSTCO WHOLESALE CO","0.0062","$782.554","","-$4.87"
"05/10/2024","Reinvest Shares","NUE","NUCOR CORP","0.058","$173.8999","","-$10.09"
"05/10/2024","Qual Div Reinvest","NUE","NUCOR CORP","","","","$10.09"
"05/10/2024","Qual Div Reinvest","COST","COSTCO WHOLESALE CO","","","","$4.87"
"05/07/2024","Reinvest Shares","BILS","SPDR BLOOMBERG 3 12 MTH T BLL ETF","1.187","$99.06","","-$117.58"
"05/07/2024","Reinvest Dividend","BILS","SPDR BLOOMBERG 3 12 MTH T BLL ETF","","","","$117.58"
"05/06/2024","Reinvest Shares","BX","BLACKSTONE INC","0.311","$121.2757","","-$37.72"
"05/06/2024","Reinvest Shares","VGLT","VANGUARD LONG TERM TREASURY ETF","0.1468","$56.4699","","-$8.29"
"05/06/2024","Qual Div Reinvest","BX","BLACKSTONE INC","","","","$37.72"
"05/06/2024","Reinvest Dividend","VGLT","VANGUARD LONG TERM TREASURY ETF","","","","$8.29"
"05/01/2024","Reinvest Shares","CVS","CVS HEALTH CORP","1.4594","$54.1675","","-$79.05"
"05/01/2024","Qual Div Reinvest","CVS","CVS HEALTH CORP","","","","$79.05"
"04/30/2024","Reinvest Shares","SYK","STRYKER CORP","0.0254","$339.62","","-$8.64"
"04/30/2024","Qual Div Reinvest","SYK","STRYKER CORP","","","","$8.64"
"04/24/2024","Reinvest Shares","ORCL","ORACLE CORP","0.0664","$115.3825","","-$7.66"
"04/24/2024","Reinvest Shares","CMCSA","COMCAST CORP CLASS A","0.5624","$40.2408","","-$22.63"
"04/24/2024","Qual Div Reinvest","ORCL","ORACLE CORP","","","","$7.66"
"04/24/2024","Qual Div Reinvest","CMCSA","COMCAST CORP CLASS A","","","","$22.63"
"04/23/2024","Reinvest Shares","DG","DOLLAR GENERAL CORP","0.1086","$143.4554","","-$15.58"
"04/23/2024","Qual Div Reinvest","DG","DOLLAR GENERAL CORP","","","","$15.58"
"04/16/2024 as of 04/15/2024","Bank Interest","","BANK INT ...524 SCHWAB BANK","","","","$0.65"
"04/15/2024","Reinvest Shares","O","REALTY INCOME CORP REIT","1.0133","$51.8483","","-$52.54"
"04/15/2024","Non-Qualified Div","O","REALTY INCOME CORP REIT","","","","$52.54"
"04/15/2024","Buy","BILS","SPDR BLOOMBERG 3 12 MTH T BLL ETF","7","$99.175","","-$694.23"
"04/15/2024","Buy","SYK","STRYKER CORP","5","$345.82","","-$1729.10"
"04/15/2024","Buy","FTEC","FIDELITY MSCI INFOR TECHINDX ETF","60","$153.9252","","-$9235.51"
"04/15/2024","Buy","XLC","COMMUNICAT SVS SLCT SEC SPDR ETF","20","$82.0099","","-$1640.20"
"04/15/2024","Sell","DLR","DIGITAL REALTY TRUST REIT","10","$143.105","$0.01","$1431.04"
"04/15/2024","Sell","O","REALTY INCOME CORP REIT","104","$51.96","$0.06","$5403.78"
"04/15/2024","Sell","GOOG","ALPHABET INC. CLASS C","40","$159.24","$0.06","$6369.54"
"04/11/2024","Reinvest Shares","CRM","SALESFORCE INC","0.0254","$299.4088","","-$7.60"
"04/11/2024","Qual Div Reinvest","CRM","SALESFORCE INC","","","","$7.60"
"04/05/2024","Reinvest Shares","BILS","SPDR BLOOMBERG 3 12 MTH T BLL ETF","1.1887","$99.0993","","-$117.80"
"04/05/2024","Reinvest Dividend","BILS","SPDR BLOOMBERG 3 12 MTH T BLL ETF","","","","$117.80"
"04/04/2024","Reinvest Shares","VGLT","VANGUARD LONG TERM TREASURY ETF","0.1479","$57.7297","","-$8.54"
"04/04/2024","Reinvest Dividend","VGLT","VANGUARD LONG TERM TREASURY ETF","","","","$8.54"
"04/02/2024","Reinvest Shares","KO","THE COCA-COLA CO","0.7881","$60.515","","-$47.69"
"04/01/2024","Qual Div Reinvest","KO","THE COCA-COLA CO","","","","$47.69"
"03/28/2024","Reinvest Shares","WM","WASTE MANAGEMENT INC","0.1041","$212.656","","-$22.13"
"03/28/2024","Reinvest Shares","VHT","VANGUARD HEALTH CARE ETF","0.1114","$270.97","","-$30.18"
"03/28/2024","Reinvest Shares","DLR","DIGITAL REALTY TRUST REIT","0.2923","$143.1354","","-$41.84"
"03/28/2024","Non-Qualified Div","DLR","DIGITAL REALTY TRUST REIT","","","","$41.84"
"03/28/2024","Qual Div Reinvest","WM","WASTE MANAGEMENT INC","","","","$22.13"
"03/28/2024","Reinvest Shares","VIS","VANGUARD INDUSTRIALS ETF","0.0591","$244.35","","-$14.44"
"03/28/2024","Reinvest Shares","VDE","VANGUARD ENERGY ETF","0.2213","$130.72","","-$28.93"
"03/28/2024","Reinvest Shares","VFH","VANGUARD FINANCIALS ETF","0.4426","$101.9889","","-$45.14"
"03/27/2024","Reinvest Dividend","VHT","VANGUARD HEALTH CARE ETF","","","","$30.18"
"03/27/2024","Reinvest Dividend","VFH","VANGUARD FINANCIALS ETF","","","","$45.14"
"03/27/2024","Reinvest Dividend","VIS","VANGUARD INDUSTRIALS ETF","","","","$14.44"
"03/27/2024","Reinvest Dividend","VDE","VANGUARD ENERGY ETF","","","","$28.93"
"03/25/2024","Sell","BILS","SPDR BLOOMBERG 3 12 MTH T BLL ETF","10","$99.3402","$0.01","$993.39"
"03/25/2024","Buy","HCA","HCA HEALTHCARE INC","11","$330.9098","","-$3640.01"
"03/25/2024","Sell","VHT","VANGUARD HEALTH CARE ETF","19","$266.865","$0.04","$5070.40"
"03/22/2024","Reinvest Shares","XLF","SELECT STR FINANCIAL SELECT SPDR ETF","0.4658","$41.50","","-$19.33"
"03/22/2024","Reinvest Shares","RSPN","INVSC SP ...500 EQUAL WGHT INDSTRL ETF","0.134","$47.3117","","-$6.34"
"03/22/2024","Reinvest Shares","PSCT","INVSC S&P SMALL TECH PORT ETF IV","0.0129","$45.759","","-$0.59"
"03/22/2024","Reinvest Dividend","RSPN","INVSC SP ...500 EQUAL WGHT INDSTRL ETF","","","","$6.34"
"03/22/2024","Reinvest Dividend","PSCT","INVSC S&P SMALL TECH PORT ETF IV","","","","$0.59"
"03/21/2024","Reinvest Shares","XLE","ENERGY SELECT SECTOR SPDR ETF","0.1244","$92.67","","-$11.53"
"03/21/2024","Reinvest Shares","XLP","SPDR FUND CONSUMER STAPLES ETF","0.4499","$76.12","","-$34.25"
"03/21/2024","Reinvest Shares","XLU","SELECT SECTOR UTI SELECTSPDR ETF","1.0409","$63.83","","-$66.44"
"03/21/2024","Reinvest Shares","XLB","SPDR FUND MATERIALS SELECT SECTR ETF","0.1174","$91.999","","-$10.80"
"03/21/2024","Reinvest Shares","XLC","COMMUNICAT SVS SLCT SEC SPDR ETF","0.0696","$81.715","","-$5.69"
"03/21/2024","Reinvest Dividend","XLP","SPDR FUND CONSUMER STAPLES ETF","","","","$34.25"
"03/21/2024","Reinvest Dividend","XLF","SELECT STR FINANCIAL SELECT SPDR ETF","","","","$19.33"
"03/21/2024","Reinvest Dividend","XLB","SPDR FUND MATERIALS SELECT SECTR ETF","","","","$10.80"
"03/21/2024","Reinvest Dividend","XLE","ENERGY SELECT SECTOR SPDR ETF","","","","$11.53"
"03/21/2024","Reinvest Dividend","XLU","SELECT SECTOR UTI SELECTSPDR ETF","","","","$66.44"
"03/21/2024","Reinvest Dividend","XLC","COMMUNICAT SVS SLCT SEC SPDR ETF","","","","$5.69"
"03/20/2024","Reinvest Shares","FTEC","FIDELITY MSCI INFOR TECHINDX ETF","0.2282","$155.8199","","-$35.56"
"03/20/2024","Reinvest Shares","FDIS","FIDELITY MSCI CONS DISCRINDX ETF","0.2038","$81.6441","","-$16.64"
"03/20/2024","Reinvest Dividend","FTEC","FIDELITY MSCI INFOR TECHINDX ETF","","","","$35.56"
"03/20/2024","Reinvest Dividend","FDIS","FIDELITY MSCI CONS DISCRINDX ETF","","","","$16.64"
"03/18/2024 as of 03/15/2024","Bank Interest","","BANK INT ...524 SCHWAB BANK","","","","$2.78"
"03/15/2024","Reinvest Shares","TSN","TYSON FOODS INC CLASS A","0.3539","$55.8863","","-$19.78"
"03/15/2024","Reinvest Shares","O","REALTY INCOME CORP REIT","1.0017","$52.092","","-$52.18"
"03/15/2024","Non-Qualified Div","O","REALTY INCOME CORP REIT","","","","$52.18"
"03/15/2024","Qual Div Reinvest","TSN","TYSON FOODS INC CLASS A","","","","$19.78"
"03/14/2024","Reinvest Shares","MSFT","MICROSOFT CORP","0.0633","$424.8459","","-$26.89"
"03/14/2024","Qual Div Reinvest","MSFT","MICROSOFT CORP","","","","$26.89"
"03/08/2024","Reinvest Shares","BILS","SPDR BLOOMBERG 3 12 MTH T BLL ETF","1.153","$99.1471","","-$114.32"
"03/07/2024","Reinvest Dividend","BILS","SPDR BLOOMBERG 3 12 MTH T BLL ETF","","","","$114.32"
"03/07/2024","Reinvest Shares","VGLT","VANGUARD LONG TERM TREASURY ETF","0.125","$59.94","","-$7.49"
"03/07/2024 as of 03/06/2024","Stock Split","IGV","ISHARES EXPANDED TECH STW SCTR ETF","60","$84.412","",""
"03/06/2024","Reinvest Dividend","VGLT","VANGUARD LONG TERM TREASURY ETF","","","","$7.49"
"03/04/2024","Reinvest Shares","V","VISA INC CLASS A","0.0363","$280.9774","","-$10.21"
"03/04/2024","Reinvest Shares","ZTS","ZOETIS INC CLASS A","0.1392","$187.5543","","-$26.11"
"03/01/2024","Qual Div Reinvest","V","VISA INC CLASS A","","","","$10.21"
"03/01/2024","Qual Div Reinvest","ZTS","ZOETIS INC CLASS A","","","","$26.11"
"02/26/2024","Buy","AMZN","AMAZON.COM INC","22","$174.99","","-$3849.78"
"02/26/2024","Buy","BILS","SPDR BLOOMBERG 3 12 MTH T BLL ETF","190","$99.3573","","-$18877.89"
"02/26/2024","Buy","CMCSA","COMCAST CORP CLASS A","73","$42.375","","-$3093.38"
"02/26/2024","Sell","FDIS","FIDELITY MSCI CONS DISCRINDX ETF","52","$81.0572","$0.04","$4214.93"
"02/26/2024","Sell","XLC","COMMUNICAT SVS SLCT SEC SPDR ETF","39","$78.9601","$0.03","$3079.41"
"02/21/2024","Reinvest Shares","CAT","CATERPILLAR INC","0.0951","$315.349","","-$30.00"
"02/20/2024","Qual Div Reinvest","CAT","CATERPILLAR INC","","","","$30.00"
"02/20/2024","Reinvest Shares","COST","COSTCO WHOLESALE CO","0.0058","$731.0228","","-$4.27"
"02/16/2024","Reinvest Shares","O","REALTY INCOME CORP REIT","0.9972","$52.0645","","-$51.92"
"02/16/2024","Reinvest Shares","AAPL","APPLE INC","0.0895","$182.4897","","-$16.33"
"02/16/2024","Reinvest Shares","PG","PROCTER & GAMBLE","0.199","$157.9039","","-$31.42"
"02/16/2024","Qual Div Reinvest","COST","COSTCO WHOLESALE CO","","","","$4.27"
"02/16/2024 as of 02/15/2024","Bank Interest","","BANK INT ...524 SCHWAB BANK","","","","$5.67"
"02/15/2024","Non-Qualified Div","O","REALTY INCOME CORP REIT","","","","$51.92"
"02/15/2024","Qual Div Reinvest","PG","PROCTER & GAMBLE","","","","$31.42"
"02/15/2024","Qual Div Reinvest","AAPL","APPLE INC","","","","$16.33"
"02/13/2024","Reinvest Shares","BX","BLACKSTONE INC","0.3402","$124.6254","","-$42.40"
"02/12/2024","Qual Div Reinvest","BX","BLACKSTONE INC","","","","$42.40"
"02/12/2024","Reinvest Shares","NUE","NUCOR CORP","0.0539","$186.5612","","-$10.06"
"02/09/2024","Qual Div Reinvest","NUE","NUCOR CORP","","","","$10.06"
"02/08/2024","Reinvest Shares","BILS","SPDR BLOOMBERG 3 12 MTH T BLL ETF","0.4222","$99.1799","","-$41.87"
"02/07/2024","Reinvest Dividend","BILS","SPDR BLOOMBERG 3 12 MTH T BLL ETF","","","","$41.87"
"02/07/2024","Reinvest Shares","VGLT","VANGUARD LONG TERM TREASURY ETF","0.1341","$59.4897","","-$7.98"
"02/06/2024","Reinvest Dividend","VGLT","VANGUARD LONG TERM TREASURY ETF","","","","$7.98"
"02/02/2024","Reinvest Shares","CVS","CVS HEALTH CORP","1.063","$73.7096","","-$78.35"
"02/02/2024","Buy","BRKB","BERKSHIRE HATHAWAY CLASS B","16","$389.855","","-$6237.68"
"02/02/2024","Sell","XLF","SELECT STR FINANCIAL SELECT SPDR ETF","155","$38.895","$0.08","$6028.65"
"02/01/2024","Qual Div Reinvest","CVS","CVS HEALTH CORP","","","","$78.35"
"02/01/2024","Reinvest Shares","SYK","STRYKER CORP","0.0255","$338.442","","-$8.62"
"01/31/2024","Qual Div Reinvest","SYK","STRYKER CORP","","","","$8.62"
"01/26/2024","Reinvest Shares","ORCL","ORACLE CORP","0.0662","$115.183","","-$7.63"
"01/25/2024","Qual Div Reinvest","ORCL","ORACLE CORP","","","","$7.63"
"01/24/2024","Reinvest Shares","DG","DOLLAR GENERAL CORP","0.1164","$133.255","","-$15.51"
"01/23/2024","Qual Div Reinvest","DG","DOLLAR GENERAL CORP","","","","$15.51"
"01/22/2024","Sell","VFH","VANGUARD FINANCIALS ETF","19","$92.9825","$0.01","$1766.66"
"01/22/2024","Sell","NLR","VANECK URANIUM PLUS NUCLEAR ENGY ETF","15","$74.405","$0.01","$1116.07"
"01/22/2024","Sell","XLF","SELECT STR FINANCIAL SELECT SPDR ETF","35","$38.12","$0.02","$1334.18"
"01/22/2024","Sell","XLU","SELECT SECTOR UTI SELECTSPDR ETF","10","$60.4901","","$604.90"
"01/22/2024","Sell","RSPN","INVSC SP ...500 EQUAL WGHT INDSTRL ETF","5","$42.855","","$214.28"
"01/22/2024","Sell","O","REALTY INCOME CORP REIT","15","$55.746","$0.01","$836.18"
"01/22/2024","Sell","ZTS","ZOETIS INC CLASS A","25","$191.5068","$0.04","$4787.63"
"01/22/2024","Sell","TSN","TYSON FOODS INC CLASS A","10","$52.30","","$523.00"
"01/22/2024","Sell","PG","PROCTER & GAMBLE","10","$147.7203","$0.01","$1477.19"
"01/22/2024","Sell","COST","COSTCO WHOLESALE CO","1","$695.845","$0.01","$695.84"
"01/22/2024","Sell","CRWD","CROWDSTRIKE HLDGS INC CLASS A","6","$298.765","$0.01","$1792.58"
"01/22/2024","Reinvest Shares","DLR","DIGITAL REALTY TRUST REIT","0.2911","$142.4999","","-$41.48"
"01/19/2024","Pr Yr Non Qual Div","DLR","DIGITAL REALTY TRUST REIT","","","","$41.48"
"01/16/2024","Reinvest Shares","O","REALTY INCOME CORP REIT","0.9449","$58.7708","","-$55.53"
"01/16/2024 as of 01/15/2024","Bank Interest","","BANK INT ...524 SCHWAB BANK","","","","$1.39"
"01/12/2024","Non-Qualified Div","O","REALTY INCOME CORP REIT","","","","$55.53"
"01/12/2024","Special Qual Div","COST","COSTCO WHOLESALE CO","","","","$77.86"
"12/29/2023","Reinvest Shares","VGLT","VANGUARD LONG TERM TREASURY ETF","0.1303","$61.7099","","-$8.04"
"12/28/2023","Reinvest Dividend","VGLT","VANGUARD LONG TERM TREASURY ETF","","","","$8.04"
"12/26/2023","Reinvest Shares","VFH","VANGUARD FINANCIALS ETF","0.7708","$91.9188","","-$70.85"
"12/26/2023","Reinvest Shares","VDE","VANGUARD ENERGY ETF","0.265","$120.0165","","-$31.80"
"12/26/2023","Reinvest Shares","BILS","SPDR BLOOMBERG 3 12 MTH T BLL ETF","0.4028","$99.0256","","-$39.89"
"12/26/2023","Reinvest Shares","RSPN","INVSC SP ...500 EQUAL WGHT INDSTRL ETF","0.2044","$42.965","","-$8.78"
"12/26/2023","Reinvest Shares","VIS","VANGUARD INDUSTRIALS ETF","0.1079","$219.96","","-$23.74"
"12/26/2023","Reinvest Shares","PSCT","INVSC S&P SMALL TECH PORT ETF IV","0.028","$48.6298","","-$1.36"
"12/26/2023","Reinvest Shares","NLR","VANECK URANIUM PLUS NUCLEAR ENGY ETF","3.7756","$72.0141","","-$271.90"
"12/26/2023","Reinvest Shares","VHT","VANGUARD HEALTH CARE ETF","0.1322","$248.4909","","-$32.86"
"12/22/2023","Reinvest Dividend","RSPN","INVSC SP ...500 EQUAL WGHT INDSTRL ETF","","","","$8.78"
"12/22/2023","Reinvest Dividend","VIS","VANGUARD INDUSTRIALS ETF","","","","$23.74"
"12/22/2023","Reinvest Dividend","VDE","VANGUARD ENERGY ETF","","","","$31.80"
"12/22/2023","Reinvest Dividend","PSCT","INVSC S&P SMALL TECH PORT ETF IV","","","","$1.36"
"12/22/2023","Reinvest Dividend","NLR","VANECK URANIUM PLUS NUCLEAR ENGY ETF","","","","$271.90"
"12/22/2023","Reinvest Dividend","VHT","VANGUARD HEALTH CARE ETF","","","","$32.86"
"12/22/2023","Reinvest Dividend","VFH","VANGUARD FINANCIALS ETF","","","","$70.85"
"12/22/2023","Reinvest Dividend","BILS","SPDR BLOOMBERG 3 12 MTH T BLL ETF","","","","$39.89"
"12/22/2023","Reinvest Shares","XLE","ENERGY SELECT SECTOR SPDR ETF","0.146","$85.4961","","-$12.48"
"12/22/2023","Reinvest Shares","XLC","COMMUNICAT SVS SLCT SEC SPDR ETF","0.1559","$72.9099","","-$11.37"
"12/22/2023","Reinvest Shares","XLU","SELECT SECTOR UTI SELECTSPDR ETF","1.2936","$63.0488","","-$81.56"
"12/22/2023","Reinvest Shares","XLP","SPDR FUND CONSUMER STAPLES ETF","0.4637","$71.2283","","-$33.03"
"12/22/2023","Reinvest Shares","XLB","SPDR FUND MATERIALS SELECT SECTR ETF","0.2277","$85.6996","","-$19.51"
"12/22/2023","Reinvest Shares","XLF","SELECT STR FINANCIAL SELECT SPDR ETF","1.5443","$37.4541","","-$57.84"
"12/21/2023","Reinvest Shares","FTEC","FIDELITY MSCI INFOR TECHINDX ETF","0.4559","$142.67","","-$65.05"
"12/21/2023","Reinvest Dividend","XLP","SPDR FUND CONSUMER STAPLES ETF","","","","$33.03"
"12/21/2023","Reinvest Dividend","XLC","COMMUNICAT SVS SLCT SEC SPDR ETF","","","","$11.37"
"12/21/2023","Reinvest Dividend","XLB","SPDR FUND MATERIALS SELECT SECTR ETF","","","","$19.51"
"12/21/2023","Reinvest Dividend","XLF","SELECT STR FINANCIAL SELECT SPDR ETF","","","","$57.84"
"12/21/2023","Reinvest Dividend","XLE","ENERGY SELECT SECTOR SPDR ETF","","","","$12.48"
"12/21/2023","Reinvest Dividend","XLU","SELECT SECTOR UTI SELECTSPDR ETF","","","","$81.56"
"12/21/2023","Reinvest Shares","FDIS","FIDELITY MSCI CONS DISCRINDX ETF","0.2854","$79.148","","-$22.59"
"12/20/2023","Reinvest Dividend","FTEC","FIDELITY MSCI INFOR TECHINDX ETF","","","","$65.05"
"12/20/2023","Reinvest Dividend","FDIS","FIDELITY MSCI CONS DISCRINDX ETF","","","","$22.59"
"12/18/2023","Reinvest Shares","WM","WASTE MANAGEMENT INC","0.1162","$177.0797","","-$20.57"
"12/18/2023","Reinvest Shares","KO","THE COCA-COLA CO","0.7574","$59.2678","","-$44.89"
"12/18/2023","Reinvest Shares","TSN","TYSON FOODS INC CLASS A","0.4659","$52.4791","","-$24.45"
"12/18/2023","Reinvest Shares","O","REALTY INCOME CORP REIT","0.9671","$57.0488","","-$55.17"
"12/18/2023 as of 12/15/2023","Bank Interest","","BANK INT ...523 SCHWAB BANK","","","","$0.73"
"12/15/2023","Non-Qualified Div","O","REALTY INCOME CORP REIT","","","","$55.17"
"12/15/2023","Qual Div Reinvest","KO","THE COCA-COLA CO","","","","$44.89"
"12/15/2023","Reinvest Shares","MSFT","MICROSOFT CORP","0.0723","$371.4383","","-$26.84"
"12/15/2023","Qual Div Reinvest","TSN","TYSON FOODS INC CLASS A","","","","$24.45"
"12/15/2023","Qual Div Reinvest","WM","WASTE MANAGEMENT INC","","","","$20.57"
"12/14/2023","Qual Div Reinvest","MSFT","MICROSOFT CORP","","","","$26.84"
"12/08/2023","Reinvest Shares","BILS","SPDR BLOOMBERG 3 12 MTH T BLL ETF","0.3997","$99.2098","","-$39.65"
"12/07/2023","Reinvest Dividend","BILS","SPDR BLOOMBERG 3 12 MTH T BLL ETF","","","","$39.65"
"12/07/2023","Reinvest Shares","VGLT","VANGUARD LONG TERM TREASURY ETF","0.1265","$59.2997","","-$7.50"
"12/06/2023","Reinvest Dividend","VGLT","VANGUARD LONG TERM TREASURY ETF","","","","$7.50"
"12/04/2023","Reinvest Shares","V","VISA INC CLASS A","0.04","$255.0262","","-$10.19"
"12/04/2023","Sell","CRWD","CROWDSTRIKE HLDGS INC CLASS A","7","$236.0143","$0.01","$1652.09"
"12/04/2023","Reinvest Shares","ZTS","ZOETIS INC CLASS A","0.1245","$181.6166","","-$22.62"
"12/04/2023","Sell","PANW","PALO ALTO NETWORKS","3","$283.9618","$0.01","$851.88"
"12/01/2023","Qual Div Reinvest","V","VISA INC CLASS A","","","","$10.19"
"12/01/2023","Qual Div Reinvest","ZTS","ZOETIS INC CLASS A","","","","$22.62"
"11/21/2023","Reinvest Shares","CAT","CATERPILLAR INC","0.1197","$249.3471","","-$29.84"
"11/20/2023","Reinvest Shares","COST","COSTCO WHOLESALE CO","0.0091","$579.8562","","-$5.29"
"11/20/2023","Qual Div Reinvest","CAT","CATERPILLAR INC","","","","$29.84"
"11/17/2023","Reinvest Shares","AAPL","APPLE INC","0.0862","$189.2787","","-$16.31"
"11/17/2023","Qual Div Reinvest","COST","COSTCO WHOLESALE CO","","","","$5.29"
"11/16/2023","Reinvest Shares","O","REALTY INCOME CORP REIT","1.0384","$52.8797","","-$54.91"
"11/16/2023","Reinvest Shares","PG","PROCTER & GAMBLE","0.2047","$152.5468","","-$31.23"
"11/16/2023","Qual Div Reinvest","AAPL","APPLE INC","","","","$16.31"
"11/16/2023 as of 11/15/2023","Bank Interest","","BANK INT ...523 SCHWAB BANK","","","","$0.41"
"11/15/2023","Qual Div Reinvest","PG","PROCTER & GAMBLE","","","","$31.23"
"11/15/2023","Non-Qualified Div","O","REALTY INCOME CORP REIT","","","","$54.91"
"11/10/2023","Reinvest Shares","NUE","NUCOR CORP","0.1292","$151.9099","","-$19.63"
"11/09/2023","Qual Div Reinvest","NUE","NUCOR CORP","","","","$19.63"
"11/08/2023","Reinvest Shares","BILS","SPDR BLOOMBERG 3 12 MTH T BLL ETF","0.4096","$99.1495","","-$40.61"
"11/07/2023","Reinvest Dividend","BILS","SPDR BLOOMBERG 3 12 MTH T BLL ETF","","","","$40.61"
"11/07/2023","Reinvest Shares","BX","BLACKSTONE INC","0.358","$99.9911","","-$35.80"
"11/07/2023","Reinvest Shares","VGLT","VANGUARD LONG TERM TREASURY ETF","0.1374","$55.1092","","-$7.57"
"11/06/2023","Reinvest Dividend","VGLT","VANGUARD LONG TERM TREASURY ETF","","","","$7.57"
"11/06/2023","Qual Div Reinvest","BX","BLACKSTONE INC","","","","$35.80"
"11/02/2023","Reinvest Shares","CVS","CVS HEALTH CORP","1.0134","$69.7279","","-$70.66"
"11/01/2023","Qual Div Reinvest","CVS","CVS HEALTH CORP","","","","$70.66"
"11/01/2023","Reinvest Shares","SYK","STRYKER CORP","0.0601","$270.875","","-$16.29"
"10/31/2023","Qual Div Reinvest","SYK","STRYKER CORP","","","","$16.29"
"10/27/2023","Reinvest Shares","ORCL","ORACLE CORP","0.0751","$101.1418","","-$7.60"
"10/26/2023","Qual Div Reinvest","ORCL","ORACLE CORP","","","","$7.60"
"10/25/2023","Reinvest Shares","DG","DOLLAR GENERAL CORP","0.1328","$116.30","","-$15.44"
"10/24/2023","Qual Div Reinvest","DG","DOLLAR GENERAL CORP","","","","$15.44"
"10/23/2023","Buy","BILS","SPDR BLOOMBERG 3 12 MTH T BLL ETF","91","$99.339","","-$9039.85"
"10/23/2023","Buy","BX","BLACKSTONE INC","10","$93.19","","-$931.90"
"10/23/2023","Buy","XLB","SPDR FUND MATERIALS SELECT SECTR ETF","33","$74.716","","-$2465.63"
"10/23/2023","Buy","DLR","DIGITAL REALTY TRUST REIT","34","$117.945","","-$4010.13"
"10/23/2023","Buy","FTEC","FIDELITY MSCI INFOR TECHINDX ETF","82","$121.6199","","-$9972.83"
"10/23/2023","Buy","IGV","ISHARES EXPANDED TECH STW SCTR ETF","15","$337.17","","-$5057.55"
"10/23/2023","Buy","PSCT","INVSC S&P SMALL TECH PORT ETF IV","123","$40.2816","","-$4954.64"
"10/23/2023","Buy","VFH","VANGUARD FINANCIALS ETF","107","$77.725","","-$8316.58"
"10/23/2023","Buy","VDE","VANGUARD ENERGY ETF","30","$125.1541","","-$3754.62"
"10/23/2023","Sell","SCHO","SCHWAB SHORT TERM US TREASURY ETF","79.5278","$47.8401","$0.04","$3804.58"
"10/23/2023","Sell","SCHR","SCHWAB INTERMEDIATE TERMUS TRS ETF","71.8177","$47.3251","$0.04","$3398.74"
"10/23/2023","Sell","SLX","VANECK STEEL ETF","95","$60.0489","$0.06","$5704.59"
"10/23/2023","Sell","NUE","NUCOR CORP","20","$141.3281","$0.02","$2826.54"
"10/23/2023","Sell","XLU","SELECT SECTOR UTI SELECTSPDR ETF","100","$57.9727","$0.06","$5797.21"
"10/23/2023","Sell","XLV","SELECT SECTOR HEALTH CARE SPDR ETF","40.5955","$128.0201","$0.05","$5196.99"
"10/23/2023","Sell","SYK","STRYKER CORP","11","$264.615","$0.02","$2910.75"
"10/23/2023","Sell","XLP","SPDR FUND CONSUMER STAPLES ETF","20","$67.38","$0.01","$1347.59"
"10/23/2023","Sell","ICLN","ISHARES GLOBAL CLEAN ENERGY ETF","530.8483","$13.255","$0.14","$7036.25"
"10/23/2023","Sell","NLR","VANECK URANIUM PLUS NUCLEAR ENGY ETF","44","$67.775","$0.03","$2982.07"
"10/23/2023","Sell","LIT","GLOBAL X LITHIUM BATTERYTECH ETF","64.2131","$48.56","$0.03","$3118.16"
"10/23/2023","Sell","GOOG","ALPHABET INC. CLASS C","34","$137.0476","$0.04","$4659.58"
"10/16/2023","Reinvest Shares","O","REALTY INCOME CORP REIT","1.0796","$50.6033","","-$54.63"
"10/16/2023 as of 10/15/2023","Bank Interest","","BANK INT ...523 SCHWAB BANK","","","","$0.25"
"10/13/2023","Non-Qualified Div","O","REALTY INCOME CORP REIT","","","","$54.63"
"10/11/2023","Buy","PANW","PALO ALTO NETWORKS","7","$256.615","","-$1796.31"
"10/11/2023","Sell","FTEC","FIDELITY MSCI INFOR TECHINDX ETF","16","$127.035","$0.02","$2032.54"
"10/09/2023","Reinvest Shares","SCHR","SCHWAB INTERMEDIATE TERMUS TRS ETF","0.2084","$47.7399","","-$9.95"
"10/09/2023","Reinvest Shares","SCHO","SCHWAB SHORT TERM US TREASURY ETF","0.2692","$47.8768","","-$12.89"
"10/06/2023","Reinvest Dividend","SCHR","SCHWAB INTERMEDIATE TERMUS TRS ETF","","","","$9.95"
"10/06/2023","Reinvest Dividend","SCHO","SCHWAB SHORT TERM US TREASURY ETF","","","","$12.89"
"10/06/2023","Reinvest Shares","VGLT","VANGUARD LONG TERM TREASURY ETF","0.1399","$52.95","","-$7.41"
"10/05/2023","Reinvest Dividend","VGLT","VANGUARD LONG TERM TREASURY ETF","","","","$7.41"
"10/04/2023","Reinvest Shares","VIS","VANGUARD INDUSTRIALS ETF","0.0808","$191.32","","-$15.46"
"10/04/2023","Reinvest Shares","VFH","VANGUARD FINANCIALS ETF","0.1554","$78.0081","","-$12.12"
"10/04/2023","Reinvest Shares","VHT","VANGUARD HEALTH CARE ETF","0.1387","$231.4999","","-$32.10"
"10/03/2023","Reinvest Shares","KO","THE COCA-COLA CO","0.8074","$55.1419","","-$44.52"
"10/03/2023","Reinvest Dividend","VIS","VANGUARD INDUSTRIALS ETF","","","","$15.46"
"10/03/2023","Reinvest Dividend","VHT","VANGUARD HEALTH CARE ETF","","","","$32.10"
"10/03/2023","Reinvest Dividend","VFH","VANGUARD FINANCIALS ETF","","","","$12.12"
"10/02/2023","Qual Div Reinvest","KO","THE COCA-COLA CO","","","","$44.52"
"09/29/2023","Buy","ORCL","ORACLE CORP","19","$106.1815","","-$2017.45"
"09/29/2023","Sell","FTEC","FIDELITY MSCI INFOR TECHINDX ETF","16","$123.7714","$0.02","$1980.32"
"09/25/2023","Reinvest Shares","WM","WASTE MANAGEMENT INC","0.1302","$157.2794","","-$20.48"
"09/25/2023","Reinvest Shares","RSPN","INVSC SP ...500 EQUAL WGHT INDSTRL ETF","0.1628","$38.385","","-$6.25"
"09/22/2023","Reinvest Shares","XLU","SELECT SECTOR UTI SELECTSPDR ETF","1.9361","$63.2139","","-$122.39"
"09/22/2023","Reinvest Shares","XLF","SELECT STR FINANCIAL SELECT SPDR ETF","1.4341","$33.9244","","-$48.65"
"09/22/2023","Reinvest Shares","XLV","SELECT SECTOR HEALTH CARE SPDR ETF","0.1674","$130.3069","","-$21.81"
"09/22/2023","Reinvest Dividend","RSPN","INVSC SP ...500 EQUAL WGHT INDSTRL ETF","","","","$6.25"
"09/22/2023","Qual Div Reinvest","WM","WASTE MANAGEMENT INC","","","","$20.48"
"09/22/2023","Reinvest Shares","XLP","SPDR FUND CONSUMER STAPLES ETF","0.5578","$70.4699","","-$39.31"
"09/22/2023","Reinvest Shares","XLC","COMMUNICAT SVS SLCT SEC SPDR ETF","0.1653","$66.2298","","-$10.95"
"09/22/2023","Reinvest Shares","XLE","ENERGY SELECT SECTOR SPDR ETF","0.1155","$90.0456","","-$10.40"
"09/21/2023","Reinvest Dividend","XLU","SELECT SECTOR UTI SELECTSPDR ETF","","","","$122.39"
"09/21/2023","Reinvest Dividend","XLE","ENERGY SELECT SECTOR SPDR ETF","","","","$10.40"
"09/21/2023","Reinvest Dividend","XLV","SELECT SECTOR HEALTH CARE SPDR ETF","","","","$21.81"
"09/21/2023","Reinvest Dividend","XLP","SPDR FUND CONSUMER STAPLES ETF","","","","$39.31"
"09/21/2023","Reinvest Dividend","XLF","SELECT STR FINANCIAL SELECT SPDR ETF","","","","$48.65"
"09/21/2023","Reinvest Dividend","XLC","COMMUNICAT SVS SLCT SEC SPDR ETF","","","","$10.95"
"09/21/2023","Reinvest Shares","FTEC","FIDELITY MSCI INFOR TECHINDX ETF","0.1812","$123.0976","","-$22.31"
"09/21/2023","Reinvest Shares","FDIS","FIDELITY MSCI CONS DISCRINDX ETF","0.3034","$70.8532","","-$21.50"
"09/20/2023","Reinvest Dividend","FTEC","FIDELITY MSCI INFOR TECHINDX ETF","","","","$22.31"
"09/20/2023","Reinvest Dividend","FDIS","FIDELITY MSCI CONS DISCRINDX ETF","","","","$21.50"
"09/18/2023","Reinvest Shares","O","REALTY INCOME CORP REIT","1.0071","$53.8857","","-$54.27"
"09/18/2023","Reinvest Shares","TSN","TYSON FOODS INC CLASS A","0.4395","$54.0199","","-$23.74"
"09/18/2023 as of 09/15/2023","Bank Interest","","BANK INT ...523 SCHWAB BANK","","","","$0.07"
"09/15/2023","Reinvest Shares","MSFT","MICROSOFT CORP","0.0729","$333.267","","-$24.28"
"09/15/2023","Qualified Dividend","EL","ESTEE LAUDERCO INC CLASS A","","","","$8.85"
"09/15/2023","Non-Qualified Div","O","REALTY INCOME CORP REIT","","","","$54.27"
"09/15/2023","Qual Div Reinvest","TSN","TYSON FOODS INC CLASS A","","","","$23.74"
"09/14/2023","Qual Div Reinvest","MSFT","MICROSOFT CORP","","","","$24.28"
"09/11/2023","Reinvest Shares","SCHO","SCHWAB SHORT TERM US TREASURY ETF","0.2503","$47.8684","","-$11.98"
"09/11/2023","Reinvest Shares","COST","COSTCO WHOLESALE CO","0.0204","$556.5593","","-$11.38"
"09/11/2023","Reinvest Shares","SCHR","SCHWAB INTERMEDIATE TERMUS TRS ETF","0.2006","$48.3994","","-$9.71"
"09/08/2023","Qual Div Reinvest","COST","COSTCO WHOLESALE CO","","","","$11.38"
"09/08/2023","Reinvest Dividend","SCHR","SCHWAB INTERMEDIATE TERMUS TRS ETF","","","","$9.71"
"09/08/2023","Reinvest Dividend","SCHO","SCHWAB SHORT TERM US TREASURY ETF","","","","$11.98"
"09/08/2023","Reinvest Shares","VGLT","VANGUARD LONG TERM TREASURY ETF","0.1284","$59.0362","","-$7.58"
"09/08/2023","Buy","VFH","VANGUARD FINANCIALS ETF","24","$82.95","","-$1990.80"
"09/08/2023","Sell","PYPL","PAYPAL HOLDINGS INCORPOR","32","$60.64","$0.02","$1940.46"
"09/08/2023","Buy","FDIS","FIDELITY MSCI CONS DISCRINDX ETF","65","$73.36","","-$4768.40"
"09/08/2023","Sell","EL","ESTEE LAUDERCO INC CLASS A","13.4101","$154.1756","$0.02","$2067.49"
"09/08/2023","Sell","COST","COSTCO WHOLESALE CO","6","$549.84","$0.03","$3299.01"
"09/07/2023","Reinvest Dividend","VGLT","VANGUARD LONG TERM TREASURY ETF","","","","$7.58"
"09/05/2023","Reinvest Shares","V","VISA INC CLASS A","0.0357","$246.1769","","-$8.80"
"09/05/2023","Reinvest Shares","ZTS","ZOETIS INC CLASS A","0.1185","$190.5186","","-$22.57"
"09/01/2023","Qual Div Reinvest","V","VISA INC CLASS A","","","","$8.80"
"09/01/2023","Qual Div Reinvest","ZTS","ZOETIS INC CLASS A","","","","$22.57"
"08/21/2023","Reinvest Shares","CAT","CATERPILLAR INC","0.1093","$271.8374","","-$29.70"
"08/18/2023","Reinvest Shares","AAPL","APPLE INC","0.0938","$173.5114","","-$16.28"
"08/18/2023","Qual Div Reinvest","CAT","CATERPILLAR INC","","","","$29.70"
"08/17/2023","Qual Div Reinvest","AAPL","APPLE INC","","","","$16.28"
"08/16/2023","Reinvest Shares","O","REALTY INCOME CORP REIT","0.942","$57.3565","","-$54.03"
"08/16/2023","Reinvest Shares","PG","PROCTER & GAMBLE","0.2006","$154.7072","","-$31.04"
"08/16/2023 as of 08/15/2023","Bank Interest","","BANK INT ...523 SCHWAB BANK","","","","$0.04"
"08/15/2023","Qual Div Reinvest","PG","PROCTER & GAMBLE","","","","$31.04"
"08/15/2023","Non-Qualified Div","O","REALTY INCOME CORP REIT","","","","$54.03"
"08/14/2023","Reinvest Shares","NUE","NUCOR CORP","0.1153","$169.7649","","-$19.58"
"08/11/2023","Qual Div Reinvest","NUE","NUCOR CORP","","","","$19.58"
"08/08/2023","Reinvest Shares","SCHO","SCHWAB SHORT TERM US TREASURY ETF","0.2816","$48.0133","","-$13.52"
"08/08/2023","Reinvest Shares","BX","BLACKSTONE INC","0.265","$102.7839","","-$27.24"
"08/08/2023","Reinvest Shares","SCHR","SCHWAB INTERMEDIATE TERMUS TRS ETF","0.1761","$49.125","","-$8.65"
"08/07/2023","Reinvest Dividend","SCHR","SCHWAB INTERMEDIATE TERMUS TRS ETF","","","","$8.65"
"08/07/2023","Reinvest Dividend","SCHO","SCHWAB SHORT TERM US TREASURY ETF","","","","$13.52"
"08/07/2023","Qual Div Reinvest","BX","BLACKSTONE INC","","","","$27.24"
"08/07/2023","Reinvest Shares","VGLT","VANGUARD LONG TERM TREASURY ETF","0.1166","$59.6799","","-$6.96"
"08/04/2023","Reinvest Dividend","VGLT","VANGUARD LONG TERM TREASURY ETF IV","","","","$6.96"
"08/02/2023","Reinvest Shares","CVS","CVS HEALTH CORP","0.9137","$76.7327","","-$70.11"
"08/02/2023","Reinvest Shares","SYK","STRYKER CORP","0.0584","$278.0224","","-$16.24"
"08/01/2023","Qual Div Reinvest","CVS","CVS HEALTH CORP","","","","$70.11"
"08/01/2023 as of 07/31/2023","Qual Div Reinvest","SYK","STRYKER CORP","","","","$16.24"
"07/26/2023","Reinvest Shares","DG","DOLLAR GENERAL CORP","0.093","$165.32","","-$15.38"
"07/25/2023","Qual Div Reinvest","DG","DOLLAR GENERAL CORP","","","","$15.38"
"07/18/2023 as of 07/14/2023","Cash In Lieu","RSPN","INVSC SP ...500 EQUAL WGHT INDSTRL ETF","","","","$11.42"
"07/17/2023","Reinvest Shares","O","REALTY INCOME CORP REIT","0.88","$61.1377","","-$53.80"
"07/17/2023 as of 07/15/2023","Bank Interest","","BANK INT ...523 SCHWAB BANK","","","","$0.04"
"07/17/2023 as of 07/14/2023","Stock Split","RSPN","INVSC SP ...500 EQUAL WGHT INDSTRL ETF","51","$41.3148","",""
"07/14/2023","Non-Qualified Div","O","REALTY INCOME CORP REIT","","","","$53.80"
"07/11/2023","Reinvest Shares","SCHR","SCHWAB INTERMEDIATE TERMUS TRS ETF","0.1906","$48.839","","-$9.31"
"07/11/2023","Reinvest Shares","SCHO","SCHWAB SHORT TERM US TREASURY ETF","0.2566","$47.9286","","-$12.30"
"07/11/2023","Reinvest Shares","LIT","GLOBAL X LITHIUM BATTERYTECH ETF","0.1965","$67.6973","","-$13.30"
"07/10/2023","Reinvest Dividend","LIT","GLOBAL X LITHIUM BATTERYTECH ETF","","","","$13.30"
"07/10/2023","Reinvest Dividend","SCHR","SCHWAB INTERMEDIATE TERMUS TRS ETF","","","","$9.31"
"07/10/2023","Reinvest Shares","VGLT","VANGUARD LONG TERM TREASURY ETF IV","0.1121","$61.2699","","-$6.87"
"07/10/2023","Reinvest Dividend","SCHO","SCHWAB SHORT TERM US TREASURY ETF","","","","$12.30"
"07/07/2023","Reinvest Dividend","VGLT","VANGUARD LONG TERM TREASURY ETF IV","","","","$6.87"
"07/06/2023","Reinvest Shares","VIS","VANGUARD INDUSTRIALS ETF","0.0798","$202.49","","-$16.15"
"07/06/2023","Reinvest Shares","VHT","VANGUARD HEALTH CARE ETF","0.1328","$240.7354","","-$31.98"
"07/05/2023","Reinvest Shares","KO","THE COCA-COLA CO","0.7249","$60.9446","","-$44.18"
"07/05/2023","Reinvest Dividend","VIS","VANGUARD INDUSTRIALS ETF","","","","$16.15"
"07/05/2023","Reinvest Dividend","VHT","VANGUARD HEALTH CARE ETF","","","","$31.98"
"07/03/2023","Qual Div Reinvest","KO","THE COCA-COLA CO","","","","$44.18"
"06/26/2023","Reinvest Shares","XLU","SELECT SECTOR UTI SELECTSPDR ETF","1.918","$65.1098","","-$124.88"
"06/26/2023","Reinvest Shares","XLF","SELECT STR FINANCIAL SELECT SPDR ETF","1.4371","$32.6701","","-$46.95"
"06/26/2023","Reinvest Shares","XLE","ENERGY SELECT SECTOR SPDR ETF","0.1379","$78.3051","","-$10.80"
"06/26/2023","Reinvest Shares","XLV","SELECT SECTOR HEALTH CARE SPDR ETF","0.1668","$130.9424","","-$21.84"
"06/26/2023","Reinvest Shares","XLP","SPDR FUND CONSUMER STAPLES ETF","0.5766","$73.3795","","-$42.31"
"06/26/2023","Reinvest Shares","RSPN","INVSC SP ...500 EQL WGHT INDSTRL ETF IV","0.0376","$196.58","","-$7.40"
"06/26/2023","Reinvest Shares","XLC","COMMUNICAT SVS SLCT SEC SPDR ETF","0.1063","$64.235","","-$6.83"
"06/23/2023","Reinvest Dividend","XLU","SELECT SECTOR UTI SELECTSPDR ETF","","","","$124.88"
"06/23/2023","Reinvest Dividend","XLF","SELECT STR FINANCIAL SELECT SPDR ETF","","","","$46.95"
"06/23/2023","Reinvest Dividend","XLE","ENERGY SELECT SECTOR SPDR ETF","","","","$10.80"
"06/23/2023","Reinvest Dividend","XLV","SELECT SECTOR HEALTH CARE SPDR ETF","","","","$21.84"
"06/23/2023","Reinvest Dividend","XLP","SPDR FUND CONSUMER STAPLES ETF","","","","$42.31"
"06/23/2023","Reinvest Dividend","RSPN","INVSC SP ...500 EQL WGHT INDSTRL ETF IV","","","","$7.40"
"06/23/2023","Reinvest Dividend","XLC","COMMUNICAT SVS SLCT SEC SPDR ETF","","","","$6.83"
"06/23/2023","Reinvest Shares","FTEC","FIDELITY MSCI INFOR TECHINDX ETF","0.1734","$126.7299","","-$21.97"
"06/23/2023","Reinvest Shares","FDIS","FIDELITY MSCI CONS DISCRINDX ETF","0.1722","$71.30","","-$12.28"
"06/22/2023","Reinvest Dividend","FTEC","FIDELITY MSCI INFOR TECHINDX ETF","","","","$21.97"
"06/22/2023","Reinvest Dividend","FDIS","FIDELITY MSCI CONS DISCRINDX ETF","","","","$12.28"
"06/20/2023","Reinvest Shares","WM","WASTE MANAGEMENT INC","0.1231","$165.6754","","-$20.39"
"06/16/2023","Reinvest Shares","O","REALTY INCOME CORP REIT","0.8692","$61.5169","","-$53.47"
"06/16/2023","Reinvest Shares","EL","ESTEE LAUDERCO INC CLASS A","0.0436","$202.17","","-$8.82"
"06/16/2023","Qual Div Reinvest","WM","WASTE MANAGEMENT INC","","","","$20.39"
"06/16/2023","Reinvest Shares","TSN","TYSON FOODS INC CLASS A","0.4668","$50.3811","","-$23.52"
"06/16/2023 as of 06/15/2023","Bank Interest","","BANK INT ...523 SCHWAB BANK","","","","$0.03"
"06/15/2023","Qual Div Reinvest","EL","ESTEE LAUDERCO INC CLASS A","","","","$8.82"
"06/15/2023","Qual Div Reinvest","TSN","TYSON FOODS INC CLASS A","","","","$23.52"
"06/15/2023","Non-Qualified Div","O","REALTY INCOME CORP REIT","","","","$53.47"
"06/14/2023","Reinvest Shares","ICLN","ISHARES GLOBAL CLEAN ENERGY ETF","3.5097","$18.7255","","-$65.72"
"06/13/2023","Reinvest Dividend","ICLN","ISHARES GLOBAL CLEAN ENERGY ETF","","","","$65.72"
"06/09/2023","Reinvest Shares","MSFT","MICROSOFT CORP","0.0738","$328.2689","","-$24.23"
"06/08/2023","Reinvest Shares","SCHR","SCHWAB INTERMEDIATE TERMUS TRS ETF","0.1793","$49.6394","","-$8.90"
"06/08/2023","Reinvest Shares","SCHO","SCHWAB SHORT TERM US TREASURY ETF","0.2358","$48.269","","-$11.38"
"06/08/2023","Qual Div Reinvest","MSFT","MICROSOFT CORP","","","","$24.23"
"06/07/2023","Reinvest Shares","VGLT","VANGUARD LONG TERM TREASURY ETF IV","0.1113","$63.185","","-$7.03"
"06/07/2023","Reinvest Dividend","SCHR","SCHWAB INTERMEDIATE TERMUS TRS ETF","","","","$8.90"
"06/07/2023","Reinvest Dividend","SCHO","SCHWAB SHORT TERM US TREASURY ETF","","","","$11.38"
"06/06/2023","Reinvest Dividend","VGLT","VANGUARD LONG TERM TREASURY ETF IV","","","","$7.03"
"06/02/2023","Reinvest Shares","ZTS","ZOETIS INC CLASS A","0.1351","$166.71","","-$22.52"
"06/02/2023","Reinvest Shares","V","VISA INC CLASS A","0.0386","$227.6842","","-$8.78"
"06/01/2023","Qual Div Reinvest","V","VISA INC CLASS A","","","","$8.78"
"06/01/2023","Qual Div Reinvest","ZTS","ZOETIS INC CLASS A","","","","$22.52"
"05/23/2023","Buy","PG","PROCTER & GAMBLE","33","$148.82","","-$4911.06"
"05/23/2023","Sell","XLP","SPDR FUND CONSUMER STAPLES ETF","67","$74.57","$0.05","$4996.14"
"05/22/2023","Reinvest Shares","COST","COSTCO WHOLESALE CO","0.023","$493.431","","-$11.36"
"05/22/2023","Reinvest Shares","CAT","CATERPILLAR INC","0.1282","$212.6957","","-$27.26"
"05/19/2023","Reinvest Shares","AAPL","APPLE INC","0.0925","$175.8767","","-$16.26"
"05/19/2023","Qual Div Reinvest","COST","COSTCO WHOLESALE CO","","","","$11.36"
"05/19/2023","Qual Div Reinvest","CAT","CATERPILLAR INC","","","","$27.26"
"05/18/2023","Qual Div Reinvest","AAPL","APPLE INC","","","","$16.26"
"05/16/2023","Reinvest Shares","O","REALTY INCOME CORP REIT","0.8681","$61.3377","","-$53.25"
"05/16/2023 as of 05/15/2023","Bank Interest","","BANK INT ...523 SCHWAB BANK","","","","$0.01"
"05/15/2023","Non-Qualified Div","O","REALTY INCOME CORP REIT","","","","$53.25"
"05/12/2023","Reinvest Shares","NUE","NUCOR CORP","0.1403","$139.03","","-$19.50"
"05/11/2023","Qual Div Reinvest","NUE","NUCOR CORP","","","","$19.50"
"05/09/2023","Reinvest Shares","BX","BLACKSTONE INC","0.3418","$81.8879","","-$27.99"
"05/08/2023","Reinvest Shares","SCHR","SCHWAB INTERMEDIATE TERMUS TRS ETF","0.1572","$50.58","","-$7.95"
"05/08/2023","Reinvest Shares","SCHO","SCHWAB SHORT TERM US TREASURY ETF","0.2127","$48.7071","","-$10.36"
"05/08/2023","Qual Div Reinvest","BX","BLACKSTONE INC","","","","$27.99"
"05/05/2023","Reinvest Shares","VGLT","VANGUARD LONG TERM TREASURY ETF IV","0.1039","$64.67","","-$6.72"
"05/05/2023","Reinvest Dividend","SCHR","SCHWAB INTERMEDIATE TERMUS TRS ETF","","","","$7.95"
"05/05/2023","Reinvest Dividend","SCHO","SCHWAB SHORT TERM US TREASURY ETF","","","","$10.36"
"05/04/2023","Reinvest Dividend","VGLT","VANGUARD LONG TERM TREASURY ETF IV","","","","$6.72"
"05/02/2023","Reinvest Shares","CVS","CVS HEALTH CORP","0.9539","$72.8903","","-$69.53"
"05/01/2023","Reinvest Shares","SYK","STRYKER CORP","0.0539","$300.33","","-$16.20"
"05/01/2023","Qual Div Reinvest","CVS","CVS HEALTH CORP","","","","$69.53"
"04/28/2023","Qual Div Reinvest","SYK","STRYKER CORP","","","","$16.20"
"04/26/2023","Reinvest Shares","DG","DOLLAR GENERAL CORP","0.0699","$219.45","","-$15.34"
"04/25/2023","Qual Div Reinvest","DG","DOLLAR GENERAL CORP","","","","$15.34"
"04/17/2023","Reinvest Shares","O","REALTY INCOME CORP REIT","0.8694","$60.9993","","-$53.03"
"04/17/2023 as of 04/15/2023","Bank Interest","","BANK INT ...523 SCHWAB BANK","","","","$0.02"
"04/14/2023","Non-Qualified Div","O","REALTY INCOME CORP REIT","","","","$53.03"
"04/14/2023","Buy","TSN","TYSON FOODS INC CLASS A","49","$60.731","","-$2975.82"
"04/14/2023","Sell","XLP","SPDR FUND CONSUMER STAPLES ETF","39","$75.2301","$0.03","$2933.94"
"04/11/2023","Reinvest Shares","SCHR","SCHWAB INTERMEDIATE TERMUS TRS ETF","0.1891","$50.495","","-$9.55"
"04/11/2023","Reinvest Shares","SCHO","SCHWAB SHORT TERM US TREASURY ETF","0.2493","$48.6971","","-$12.14"
"04/10/2023","Reinvest Shares","VGLT","VANGUARD LONG TERM TREASURY ETF IV","0.1046","$66.0488","","-$6.91"
"04/10/2023","Reinvest Dividend","SCHR","SCHWAB INTERMEDIATE TERMUS TRS ETF","","","","$9.55"
"04/10/2023","Reinvest Dividend","SCHO","SCHWAB SHORT TERM US TREASURY ETF","","","","$12.14"
"04/06/2023","Reinvest Dividend","VGLT","VANGUARD LONG TERM TREASURY ETF IV","","","","$6.91"
"04/04/2023","Reinvest Shares","KO","THE COCA-COLA CO","0.7007","$62.5926","","-$43.86"
"04/03/2023","Qual Div Reinvest","KO","THE COCA-COLA CO","","","","$43.86"
"03/30/2023","Reinvest Shares","VIS","VANGUARD INDUSTRIALS ETF","0.0737","$188.90","","-$13.92"
"03/30/2023","Reinvest Shares","VHT","VANGUARD HEALTH CARE ETF","0.1172","$235.2252","","-$27.56"
"03/29/2023","Reinvest Dividend","VIS","VANGUARD INDUSTRIALS ETF","","","","$13.92"
"03/29/2023","Reinvest Dividend","VHT","VANGUARD HEALTH CARE ETF","","","","$27.56"
"03/27/2023","Reinvest Shares","RGI","INVSC SP ...500 EQUAL WGHT INDSTRL ETF","0.0369","$180.72","","-$6.66"
"03/27/2023","Reinvest Shares","WM","WASTE MANAGEMENT INC","0.1305","$155.5951","","-$20.30"
"03/24/2023","Reinvest Shares","XLF","SELECT STR FINANCIAL SELECT SPDR ETF","1.5538","$30.5257","","-$47.43"
"03/24/2023","Reinvest Shares","XLE","ENERGY SELECT SECTOR SPDR ETF","0.1572","$76.6715","","-$12.05"
"03/24/2023","Reinvest Shares","XLV","SELECT SECTOR HEALTH CARE SPDR ETF","0.1561","$125.6684","","-$19.62"
"03/24/2023","Reinvest Shares","XLP","SPDR FUND CONSUMER STAPLES ETF","0.8867","$72.1175","","-$63.95"
"03/24/2023","Reinvest Shares","XLC","COMMUNICAT SVS SLCT SEC SPDR ETF","0.1725","$56.5099","","-$9.75"
"03/24/2023","Reinvest Shares","XLU","SELECT SECTOR UTI SELECTSPDR ETF","1.7594","$64.2899","","-$113.11"
"03/24/2023","Qual Div Reinvest","WM","WASTE MANAGEMENT INC","","","","$20.30"
"03/24/2023","Reinvest Dividend","RGI","INVSC SP ...500 EQUAL WGHT INDSTRL ETF","","","","$6.66"
"03/23/2023","Reinvest Shares","FTEC","FIDELITY MSCI INFOR TECHINDX ETF","0.2102","$110.01","","-$23.12"
"03/23/2023","Reinvest Shares","FDIS","FIDELITY MSCI CONS DISCRINDX ETF","0.2314","$63.0899","","-$14.60"
"03/23/2023","Reinvest Dividend","XLU","SELECT SECTOR UTI SELECTSPDR ETF","","","","$113.11"
"03/23/2023","Reinvest Dividend","XLF","SELECT STR FINANCIAL SELECT SPDR ETF","","","","$47.43"
"03/23/2023","Reinvest Dividend","XLE","ENERGY SELECT SECTOR SPDR ETF","","","","$12.05"
"03/23/2023","Reinvest Dividend","XLV","SELECT SECTOR HEALTH CARE SPDR ETF","","","","$19.62"
"03/23/2023","Reinvest Dividend","XLP","SPDR FUND CONSUMER STAPLES ETF","","","","$63.95"
"03/23/2023","Reinvest Dividend","XLC","COMMUNICAT SVS SLCT SEC SPDR ETF","","","","$9.75"
"03/22/2023","Reinvest Dividend","FTEC","FIDELITY MSCI INFOR TECHINDX ETF","","","","$23.12"
"03/22/2023","Reinvest Dividend","FDIS","FIDELITY MSCI CONS DISCRINDX ETF","","","","$14.60"
"03/16/2023","Reinvest Shares","O","REALTY INCOME CORP REIT","0.8491","$62.08","","-$52.71"
"03/16/2023","Reinvest Shares","EL","ESTEE LAUDER CO INC CLASS A","0.0372","$236.755","","-$8.80"
"03/16/2023 as of 03/15/2023","Bank Interest","","BANK INT ...523 SCHWAB BANK","","","","$2.31"
"03/15/2023","Non-Qualified Div","O","REALTY INCOME CORP REIT","","","","$52.71"
"03/15/2023","Qual Div Reinvest","EL","ESTEE LAUDER CO INC CLASS A","","","","$8.80"
"03/10/2023","Reinvest Shares","MSFT","MICROSOFT CORP","0.0965","$250.4416","","-$24.17"
"03/09/2023","Qual Div Reinvest","MSFT","MICROSOFT CORP","","","","$24.17"
"03/08/2023","Reinvest Shares","SCHR","SCHWAB INTERMEDIATE TERMUS TRS ETF","0.1669","$48.7593","","-$8.14"
"03/08/2023","Reinvest Shares","SCHO","SCHWAB SHORT TERM US TREASURY ETF","0.2159","$47.8499","","-$10.33"
"03/07/2023","Reinvest Shares","VGLT","VANGUARD LONG TERM TREASURY ETF IV","0.0997","$62.4091","","-$6.22"
"03/07/2023","Reinvest Dividend","SCHR","SCHWAB INTERMEDIATE TERMUS TRS ETF","","","","$8.14"
"03/07/2023","Reinvest Dividend","SCHO","SCHWAB SHORT TERM US TREASURY ETF","","","","$10.33"
"03/06/2023","Reinvest Dividend","VGLT","VANGUARD LONG TERM TREASURY ETF IV","","","","$6.22"
"03/02/2023","Reinvest Shares","ZTS","ZOETIS INC CLASS A","0.1344","$167.1937","","-$22.47"
"03/02/2023","Reinvest Shares","V","VISA INC CLASS A","0.0402","$218.1996","","-$8.77"
"03/01/2023","Qual Div Reinvest","V","VISA INC CLASS A","","","","$8.77"
"03/01/2023","Qual Div Reinvest","ZTS","ZOETIS INC CLASS A","","","","$22.47"
"02/28/2023","Buy","WM","WASTE MANAGEMENT INC","3","$150.6327","","-$451.90"
"02/28/2023","Buy","LIT","GLOBAL X LITHIUM & BATTERY TECH ETF","62","$63.9267","","-$3963.46"
"02/28/2023","Buy","XLU","SELECT SECTOR UTI SELECTSPDR ETF","76","$65.595","","-$4985.22"
"02/28/2023","Buy","WM","WASTE MANAGEMENT INC","26","$150.755","","-$3919.63"
"02/27/2023","Buy","XLC","COMMUNICAT SVS SLCT SEC SPDR ETF","65","$53.6671","","-$3488.36"
"02/27/2023","Buy","SLX","VANECK STEEL ETF","95","$65.2304","","-$6196.89"
"02/27/2023","Sell","NUE","NUCOR CORP","19","$165.045","$0.03","$3135.83"
"02/27/2023","Sell","FDIS","FIDELITY MSCI CONS DISCRINDX ETF","62","$64.0544","$0.03","$3971.34"
"02/27/2023","Sell","META","META PLATFORMS INC CLASS A","21","$171.8087","$0.03","$3607.95"
"02/21/2023","Reinvest Shares","COST","COSTCO WHOLESALE CO","0.02","$499.5392","","-$10.01"
"02/21/2023","Reinvest Shares","CAT","CATERPILLAR INC","0.1102","$246.1594","","-$27.13"
"02/21/2023","Buy","XLV","SELECT SECTOR HEALTH CARE SPDR ETF","30","$130.76","","-$3922.80"
"02/21/2023","Sell","CDNA","CAREDX INC","129","$14.3558","$0.04","$1851.86"
"02/17/2023","Reinvest Shares","AAPL","APPLE INC","0.1022","$152.2374","","-$15.56"
"02/17/2023","Qual Div Reinvest","COST","COSTCO WHOLESALE CO","","","","$10.01"
"02/17/2023","Qual Div Reinvest","CAT","CATERPILLAR INC","","","","$27.13"
"02/16/2023","Reinvest Shares","O","REALTY INCOME CORP REIT","0.7743","$66.2264","","-$51.28"
"02/16/2023","Qual Div Reinvest","AAPL","APPLE INC","","","","$15.56"
"02/16/2023 as of 02/15/2023","Bank Interest","","BANK INT ...523 SCHWAB BANK","","","","$6.00"
"02/15/2023","Non-Qualified Div","O","REALTY INCOME CORP REIT","","","","$51.28"
"02/14/2023","Reinvest Shares","BX","BLACKSTONE INC","0.3162","$97.3585","","-$30.78"
"02/13/2023","Reinvest Shares","NUE","NUCOR CORP","0.1766","$164.77","","-$29.10"
"02/13/2023","Qual Div Reinvest","BX","BLACKSTONE INC","","","","$30.78"
"02/10/2023","Qual Div Reinvest","NUE","NUCOR CORP","","","","$29.10"
"02/10/2023","Sell","XLV","SELECT SECTOR HEALTH CARE SPDR ETF","30","$132.215","$0.09","$3966.36"
"02/10/2023","Buy","CDNA","CAREDX INC","129","$15.45","","-$1993.05"
"02/08/2023","Reinvest Shares","SCHR","SCHWAB INTERMEDIATE TERMUS TRS ETF","0.1789","$49.7398","","-$8.90"
"02/08/2023","Reinvest Shares","SCHO","SCHWAB SHORT TERM US TREASURY ETF","0.1751","$48.3099","","-$8.46"
"02/07/2023","Reinvest Shares","VGLT","VANGUARD LONG TERM TREASURY ETF IV","0.1018","$65.0346","","-$6.62"
"02/07/2023","Reinvest Dividend","SCHR","SCHWAB INTERMEDIATE TERMUS TRS ETF","","","","$8.90"
"02/07/2023","Reinvest Dividend","SCHO","SCHWAB SHORT TERM US TREASURY ETF","","","","$8.46"
"02/06/2023","Reinvest Dividend","VGLT","VANGUARD LONG TERM TREASURY ETF IV","","","","$6.62"
"02/02/2023","Reinvest Shares","CVS","CVS HEALTH CORP","0.7959","$86.7526","","-$69.05"
"02/01/2023","Reinvest Shares","SYK","STRYKER CORP","0.0594","$271.835","","-$16.16"
"02/01/2023","Qual Div Reinvest","CVS","CVS HEALTH CORP","","","","$69.05"
"01/31/2023","Qual Div Reinvest","SYK","STRYKER CORP","","","","$16.16"
"01/31/2023","Buy","VIS","VANGUARD INDUSTRIALS ETF","23","$189.335","","-$4354.71"
"01/31/2023","Sell","CHRW","C H ROBINSON WORLDWD","0.8722","$98.35","","$85.78"
"01/31/2023","Sell","CHRW","C H ROBINSON WORLDWD","44","$98.35","$0.10","$4327.30"
"01/31/2023","Buy","DG","DOLLAR GENERAL CORP","26","$228.6184","","-$5944.08"
"01/17/2023","Reinvest Shares","O","REALTY INCOME CORP REIT","0.7624","$67.0114","","-$51.09"
"01/17/2023 as of 01/15/2023","Bank Interest","","BANK INT ...523 SCHWAB BANK","","","","$6.71"
"01/13/2023","Non-Qualified Div","O","REALTY INCOME CORP REIT","","","","$51.09"
"01/10/2023","Reinvest Shares","LIT","GLOBAL X LITHIUM & BATTERY TECH ETF","0.0166","$61.89","","-$1.03"
"01/09/2023","Pr Yr Div Reinvest","LIT","GLOBAL X LITHIUM & BATTERY TECH ETF","","","","$1.03"
"01/04/2023","Reinvest Shares","CHRW","C H ROBINSON WORLDWD","0.3035","$89.5999","","-$27.19"
"01/03/2023","Qual Div Reinvest","CHRW","C H ROBINSON WORLDWD","","","","$27.19"
"12/30/2022","Reinvest Shares","VGLT","VANGUARD LONG TERM TREASURY ETF IV","0.1053","$61.6052","","-$6.49"
"12/29/2022","Reinvest Dividend","VGLT","VANGUARD LONG TERM TREASURY ETF IV","","","","$6.49"
"12/27/2022","Reinvest Shares","RGI","INVSC SP ...500 EQUAL WGHT INDSTRL ETF","0.0404","$178.3938","","-$7.21"
"12/27/2022","Reinvest Shares","NLR","VANECK URANIUM PLUS NUCLEAR ENGY ETF","2.4559","$56.4601","","-$138.66"
"12/23/2022","Reinvest Shares","XLV","SELECT SECTOR HEALTH CARE SPDR ETF","0.1639","$135.4962","","-$22.21"
"12/23/2022","Reinvest Shares","XLP","SPDR FUND CONSUMER STAPLES ETF","1.3129","$74.7972","","-$98.20"
"12/23/2022","Reinvest Shares","SCHR","SCHWAB INTERMEDIATE TERMUS TRS ETF","0.1661","$49.5588","","-$8.23"
"12/23/2022","Reinvest Shares","SCHO","SCHWAB SHORT TERM US TREASURY ETF","0.186","$48.3355","","-$8.99"
"12/23/2022","Reinvest Shares","XLU","SELECT SECTOR UTI SELECTSPDR ETF","1.2456","$70.6147","","-$87.96"
"12/23/2022","Reinvest Shares","XLF","SELECT STR FINANCIAL SELECT SPDR ETF","1.9211","$33.70","","-$64.74"
"12/23/2022","Reinvest Shares","XLE","ENERGY SELECT SECTOR SPDR ETF","0.1494","$86.2674","","-$12.89"
"12/23/2022","Reinvest Dividend","RGI","INVSC SP ...500 EQUAL WGHT INDSTRL ETF","","","","$7.21"
"12/23/2022","Reinvest Dividend","NLR","VANECK URANIUM PLUS NUCLEAR ENGY ETF","","","","$138.66"
"12/22/2022","Reinvest Shares","FTEC","FIDELITY MSCI INFOR TECHINDX ETF","0.2443","$94.8299","","-$23.17"
"12/22/2022","Reinvest Shares","FDIS","FIDELITY MSCI CONS DISCRINDX ETF","0.3559","$56.8399","","-$20.23"
"12/22/2022","Reinvest Dividend","XLU","SELECT SECTOR UTI SELECTSPDR ETF","","","","$87.96"
"12/22/2022","Reinvest Dividend","XLF","SELECT STR FINANCIAL SELECT SPDR ETF","","","","$64.74"
"12/22/2022","Reinvest Dividend","XLE","ENERGY SELECT SECTOR SPDR ETF","","","","$12.89"
"12/22/2022","Reinvest Dividend","XLV","SELECT SECTOR HEALTH CARE SPDR ETF","","","","$22.21"
"12/22/2022","Reinvest Dividend","XLP","SPDR FUND CONSUMER STAPLES ETF","","","","$98.20"
"12/22/2022","Reinvest Dividend","SCHR","SCHWAB INTERMEDIATE TERMUS TRS ETF","","","","$8.23"
"12/22/2022","Reinvest Dividend","SCHO","SCHWAB SHORT TERM US TREASURY ETF","","","","$8.99"
"12/21/2022","Reinvest Shares","VHT","VANGUARD HEALTH CARE ETF","0.1432","$247.5382","","-$35.45"
"12/21/2022","Reinvest Dividend","FTEC","FIDELITY MSCI INFOR TECHINDX ETF","","","","$23.17"
"12/21/2022","Reinvest Dividend","FDIS","FIDELITY MSCI CONS DISCRINDX ETF","","","","$20.23"
"12/20/2022","Reinvest Shares","ICLN","ISHARES GLOBAL CLEAN ENERGY ETF","0.9461","$20.23","","-$19.14"
"12/20/2022","Reinvest Dividend","VHT","VANGUARD HEALTH CARE ETF","","","","$35.45"
"12/19/2022","Reinvest Dividend","ICLN","ISHARES GLOBAL CLEAN ENERGY ETF","","","","$19.14"
"12/16/2022","Reinvest Shares","O","REALTY INCOME CORP REIT","0.7972","$63.7086","","-$50.79"
"12/16/2022","Reinvest Shares","EL","ESTEE LAUDER CO INC CLASS A","0.0367","$238.7816","","-$8.77"
"12/16/2022","Reinvest Shares","KO","THE COCA-COLA CO","0.6637","$62.765","","-$41.66"
"12/16/2022 as of 12/15/2022","Bank Interest","","BANK INT ...522 SCHWAB BANK","","","","$6.02"
"12/15/2022","Non-Qualified Div","O","REALTY INCOME CORP REIT","","","","$50.79"
"12/15/2022","Qual Div Reinvest","EL","ESTEE LAUDER CO INC CLASS A","","","","$8.77"
"12/15/2022","Qual Div Reinvest","KO","THE COCA-COLA CO","","","","$41.66"
"12/09/2022","Reinvest Shares","MSFT","MICROSOFT CORP","0.0981","$245.6632","","-$24.10"
"12/08/2022","Reinvest Shares","SCHR","SCHWAB INTERMEDIATE TERMUS TRS ETF","0.1496","$50.065","","-$7.49"
"12/08/2022","Reinvest Shares","SCHO","SCHWAB SHORT TERM US TREASURY ETF","0.135","$48.3785","","-$6.53"
"12/08/2022","Qual Div Reinvest","MSFT","MICROSOFT CORP","","","","$24.10"
"12/07/2022","Reinvest Shares","VGLT","VANGUARD LONG TERM TREASURY ETF IV","0.0913","$66.4756","","-$6.07"
"12/07/2022","Reinvest Dividend","SCHR","SCHWAB INTERMEDIATE TERMUS TRS ETF","","","","$7.49"
"12/07/2022","Reinvest Dividend","SCHO","SCHWAB SHORT TERM US TREASURY ETF","","","","$6.53"
"12/06/2022","Reinvest Dividend","VGLT","VANGUARD LONG TERM TREASURY ETF IV","","","","$6.07"
"12/02/2022","Reinvest Shares","ZTS","ZOETIS INC CLASS A","0.1251","$155.2797","","-$19.43"
"12/02/2022","Reinvest Shares","V","VISA INC CLASS A","0.0406","$215.5802","","-$8.75"
"12/01/2022","Qual Div Reinvest","V","VISA INC CLASS A","","","","$8.75"
"12/01/2022","Qual Div Reinvest","ZTS","ZOETIS INC CLASS A","","","","$19.43"
"11/21/2022","Reinvest Shares","CAT","CATERPILLAR INC","0.2267","$229.6182","","-$52.06"
"11/18/2022","Qual Div Reinvest","CAT","CATERPILLAR INC","","","","$52.06"
"11/16/2022","Reinvest Shares","O","REALTY INCOME CORP REIT","0.7849","$64.4514","","-$50.59"
"11/16/2022 as of 11/15/2022","Bank Interest","","BANK INT ...522 SCHWAB BANK","","","","$5.03"
"11/15/2022","Non-Qualified Div","O","REALTY INCOME CORP REIT","","","","$50.59"
"11/11/2022","Reinvest Shares","NUE","NUCOR CORP","0.1995","$142.4919","","-$28.43"
"11/11/2022","Reinvest Shares","COST","COSTCO WHOLESALE CO","0.0194","$514.7663","","-$9.99"
"11/11/2022","Reinvest Shares","AAPL","APPLE INC","0.1053","$147.6443","","-$15.54"
"11/10/2022","Qual Div Reinvest","NUE","NUCOR CORP","","","","$28.43"
"11/10/2022","Qual Div Reinvest","COST","COSTCO WHOLESALE CO","","","","$9.99"
"11/10/2022","Qual Div Reinvest","AAPL","APPLE INC","","","","$15.54"
"11/08/2022","Reinvest Shares","SCHR","SCHWAB INTERMEDIATE TERMUS TRS ETF","0.1491","$48.3593","","-$7.21"
"11/08/2022","Reinvest Shares","SCHO","SCHWAB SHORT TERM US TREASURY ETF","0.1243","$47.9458","","-$5.96"
"11/08/2022","Reinvest Shares","BX","BLACKSTONE INC","0.3266","$92.3061","","-$30.15"
"11/07/2022","Reinvest Shares","VGLT","VANGUARD LONG TERM TREASURY ETF IV","0.1091","$58.124","","-$6.34"
"11/07/2022","Reinvest Dividend","SCHR","SCHWAB INTERMEDIATE TERMUS TRS ETF","","","","$7.21"
"11/07/2022","Reinvest Dividend","SCHO","SCHWAB SHORT TERM US TREASURY ETF","","","","$5.96"
"11/07/2022","Qual Div Reinvest","BX","BLACKSTONE INC","","","","$30.15"
"11/04/2022","Reinvest Dividend","VGLT","VANGUARD LONG TERM TREASURY ETF IV","","","","$6.34"
"11/02/2022","Reinvest Shares","CVS","CVS HEALTH CORP","0.6337","$98.5145","","-$62.43"
"11/01/2022","Reinvest Shares","SYK","STRYKER CORP","0.0686","$217.795","","-$14.93"
"11/01/2022","Qual Div Reinvest","CVS","CVS HEALTH CORP","","","","$62.43"
"10/31/2022","Qual Div Reinvest","SYK","STRYKER CORP","","","","$14.93"
"10/21/2022","Sell","DISH","DISH NETWORK CORP CLASS A","115","$13.79","$0.04","$1585.81"
"10/21/2022","Sell","CRWD","CROWDSTRIKE HLDGS INC CLASS A","28","$152.49","$0.10","$4269.62"
"10/21/2022","Buy","GOOG","ALPHABET INC. CLASS C","64","$98.31","","-$6291.84"
"10/21/2022","Sell","VGT","VANGUARD INFORMATION TECHNOLOGY ETF","6","$311.36","$0.04","$1868.12"
"10/21/2022","Sell","FTEC","FIDELITY MSCI INFOR TECHINDX ETF","23","$91.99","$0.05","$2115.72"
"10/21/2022","Sell","VGT","VANGUARD INFORMATION TECHNOLOGY ETF","1","$311.36","$0.01","$311.35"
"10/21/2022","Sell","VGT","VANGUARD INFORMATION TECHNOLOGY ETF","1","$311.36","$0.01","$311.35"
"10/21/2022","Sell","VGT","VANGUARD INFORMATION TECHNOLOGY ETF","5","$311.36","$0.04","$1556.76"
"10/21/2022","Sell","VGT","VANGUARD INFORMATION TECHNOLOGY ETF","1","$311.36","$0.01","$311.35"
"10/21/2022","Sell","VGT","VANGUARD INFORMATION TECHNOLOGY ETF","1","$311.36","$0.01","$311.35"
"10/21/2022","Sell","VGT","VANGUARD INFORMATION TECHNOLOGY ETF","5","$311.36","$0.04","$1556.76"
"10/21/2022","Sell","VGT","VANGUARD INFORMATION TECHNOLOGY ETF","1","$311.36","$0.01","$311.35"
"10/21/2022","Sell","VGT","VANGUARD INFORMATION TECHNOLOGY ETF","1","$311.36","$0.01","$311.35"
"10/21/2022","Sell","VGT","VANGUARD INFORMATION TECHNOLOGY ETF","1","$311.36","$0.01","$311.35"
"10/21/2022","Sell","VGT","VANGUARD INFORMATION TECHNOLOGY ETF","2","$311.36","$0.01","$622.71"
"10/21/2022","Sell","VGT","VANGUARD INFORMATION TECHNOLOGY ETF","1","$311.36","$0.01","$311.35"
"10/21/2022","Sell","VGT","VANGUARD INFORMATION TECHNOLOGY ETF","1","$311.36","$0.01","$311.35"
"10/21/2022","Sell","VGT","VANGUARD INFORMATION TECHNOLOGY ETF","1","$311.36","$0.01","$311.35"
"10/21/2022","Sell","VGT","VANGUARD INFORMATION TECHNOLOGY ETF","4","$311.36","$0.03","$1245.41"
"10/21/2022","Sell","VGT","VANGUARD INFORMATION TECHNOLOGY ETF","2","$311.36","$0.01","$622.71"
"10/21/2022","Sell","VGT","VANGUARD INFORMATION TECHNOLOGY ETF","2","$311.36","$0.01","$622.71"
"10/21/2022","Sell","VGT","VANGUARD INFORMATION TECHNOLOGY ETF","12","$311.36","$0.09","$3736.23"
"10/21/2022","Sell","RGI","INVSC SP ...500 EQUAL WGHT INDSTRL ETF","9","$159.37","$0.03","$1434.30"
"10/21/2022","Sell","RGI","INVSC SP ...500 EQUAL WGHT INDSTRL ETF","23","$159.37","$0.08","$3665.43"
"10/21/2022","Sell","RGI","INVSC SP ...500 EQUAL WGHT INDSTRL ETF","4","$159.37","$0.01","$637.47"
"10/21/2022","Sell","RGI","INVSC SP ...500 EQUAL WGHT INDSTRL ETF","18","$159.37","$0.07","$2868.59"
"10/21/2022","Sell","RGI","INVSC SP ...500 EQUAL WGHT INDSTRL ETF","5","$159.37","$0.02","$796.83"
"10/21/2022","Sell","VGLT","VANGUARD LONG TERM TREASURY ETF IV","4","$57.64","$0.01","$230.55"
"10/21/2022","Sell","V","VISA INC CLASS A","3","$185.80","$0.01","$557.39"
"10/21/2022","Sell","CRM","SALESFORCE INC","13","$157.50","$0.05","$2047.45"
"10/21/2022","Sell","VGT","VANGUARD INFORMATION TECHNOLOGY ETF","0.5496","$311.36","","$171.12"
"10/21/2022","Buy","VHT","VANGUARD HEALTH CARE ETF","16","$226.75","","-$3628.00"
"10/21/2022","Sell","CAT","CATERPILLAR INC","10","$180.50","$0.04","$1804.96"
"10/21/2022","Sell","CAT","CATERPILLAR INC","11","$180.50","$0.05","$1985.45"
"10/21/2022","Sell","NURE","NUVEEN SHORT TERM REIT ETF","230","$29.17","$0.15","$6708.95"
"10/21/2022","Sell","NURE","NUVEEN SHORT TERM REIT ETF","3","$29.17","","$87.51"
"10/21/2022","Sell","NURE","NUVEEN SHORT TERM REIT ETF","1","$29.17","","$29.17"
"10/21/2022","Sell","NURE","NUVEEN SHORT TERM REIT ETF","6","$29.17","","$175.02"
"10/21/2022","Sell","NURE","NUVEEN SHORT TERM REIT ETF","0.6283","$29.17","","$18.33"
"10/21/2022","Buy","LIT","GLOBAL X LITHIUM & BATTERY TECH ETF","2","$65.72","","-$131.44"
"10/21/2022","Sell","FDIS","FIDELITY MSCI CONS DISCRINDX ETF","3","$59.60","","$178.80"
"10/21/2022","Sell","BX","BLACKSTONE INC","44","$84.20","$0.08","$3704.72"
"10/21/2022","Buy","O","REALTY INCOME CORP REIT","204","$57.39","","-$11707.56"
"10/21/2022","Buy","NLR","VANECK URANIUM PLUS NUCLEAR ENGY ETF","125","$51.38","","-$6422.50"
"10/21/2022","Buy","XLP","SPDR FUND CONSUMER STAPLES ETF","167","$67.83","","-$11327.61"
"10/21/2022","Sell","XLY","SPDR FUND CONSUMER DISCRE SELECT ETF","0.5755","$138.21","","$79.54"
"10/21/2022","Sell","XLY","SPDR FUND CONSUMER DISCRE SELECT ETF","60","$138.21","$0.19","$8292.41"
"10/21/2022","Buy","XLE","ENERGY SELECT SECTOR SPDR ETF","4","$84.96","","-$339.84"
"10/21/2022","Buy","XLU","SELECT SECTOR UTI SELECTSPDR ETF","108","$62.39","","-$6738.12"
"10/21/2022","Buy","XLE","ENERGY SELECT SECTOR SPDR ETF","11","$84.96","","-$934.56"
"10/17/2022 as of 10/15/2022","Bank Interest","","BANK INT ...522 SCHWAB BANK","","","","$2.02"
"10/10/2022","Reinvest Shares","SCHR","SCHWAB INTERMEDIATE TERMUS TRS ETF","0.1544","$48.7599","","-$7.53"
"10/10/2022","Reinvest Shares","SCHO","SCHWAB SHORT TERM US TREASURY ETF","0.1221","$48.1488","","-$5.88"
"10/07/2022","Reinvest Dividend","SCHR","SCHWAB INTERMEDIATE TERMUS TRS ETF","","","","$7.53"
"10/07/2022","Reinvest Dividend","SCHO","SCHWAB SHORT TERM US TREASURY ETF","","","","$5.88"
"10/07/2022","Reinvest Shares","VGLT","VANGUARD LONG TERM TREASURY ETF IV","0.1104","$61.9643","","-$6.84"
"10/06/2022","Reinvest Dividend","VGLT","VANGUARD LONG TERM TREASURY ETF IV","","","","$6.84"
"10/05/2022","Reinvest Shares","VGT","VANGUARD INFORMATION TECHNOLOGY ETF","0.1149","$321.8929","","-$37.00"
"10/05/2022","Reinvest Shares","VHT","VANGUARD HEALTH CARE ETF","0.0714","$231.6185","","-$16.53"
"10/04/2022","Reinvest Shares","KO","THE COCA-COLA CO","0.7196","$57.4524","","-$41.34"
"10/04/2022","Reinvest Shares","CHRW","C H ROBINSON WORLDWD","0.2464","$98.928","","-$24.38"
"10/04/2022 as of 10/03/2022","Reinvest Dividend","VGT","VANGUARD INFORMATION TECHNOLOGY ETF","","","","$37.00"
"10/04/2022 as of 10/03/2022","Reinvest Dividend","VHT","VANGUARD HEALTH CARE ETF","","","","$16.53"
"10/03/2022","Reinvest Shares","NURE","NUVEEN SHORT TERM REIT ETF","1.55","$29.865","","-$46.29"
"10/03/2022","Qual Div Reinvest","KO","THE COCA-COLA CO","","","","$41.34"
"10/03/2022","Qual Div Reinvest","CHRW","C H ROBINSON WORLDWD","","","","$24.38"
"09/30/2022","Reinvest Dividend","NURE","NUVEEN SHORT TERM REIT ETF","","","","$46.29"
"09/26/2022","Reinvest Shares","RGI","INVSC SP ...500 EQUAL WGHT INDSTRL ETF","0.2294","$158.5245","","-$36.37"
"09/23/2022","Reinvest Shares","XLU","SELECT SECTOR UTI SELECTSPDR ETF","0.3171","$71.8134","","-$22.77"
"09/23/2022","Reinvest Shares","XLF","SELECT STR FINANCIAL SELECT SPDR ETF","1.7115","$30.9664","","-$53.00"
"09/23/2022","Reinvest Shares","XLY","SPDR FUND CONSUMER DISCRE SELECT ETF","0.1365","$146.195","","-$19.95"
"09/23/2022","Reinvest Shares","XLV","SELECT SECTOR HEALTH CARE SPDR ETF","0.1642","$122.5299","","-$20.12"
"09/23/2022","Reinvest Shares","XLP","SPDR FUND CONSUMER STAPLES ETF","0.1126","$69.9593","","-$7.88"
"09/23/2022","Reinvest Dividend","RGI","INVSC SP ...500 EQUAL WGHT INDSTRL ETF","","","","$36.37"
"09/22/2022","Reinvest Shares","FTEC","FIDELITY MSCI INFOR TECHINDX ETF","0.2792","$95.8095","","-$26.75"
"09/22/2022","Reinvest Shares","FDIS","FIDELITY MSCI CONS DISCRINDX ETF","0.332","$64.2842","","-$21.34"
"09/22/2022","Reinvest Dividend","XLU","SELECT SECTOR UTI SELECTSPDR ETF","","","","$22.77"
"09/22/2022","Reinvest Dividend","XLF","SELECT STR FINANCIAL SELECT SPDR ETF","","","","$53.00"
"09/22/2022","Reinvest Dividend","XLY","SPDR FUND CONSUMER DISCRE SELECT ETF","","","","$19.95"
"09/22/2022","Reinvest Dividend","XLV","SELECT SECTOR HEALTH CARE SPDR ETF","","","","$20.12"
"09/22/2022","Reinvest Dividend","XLP","SPDR FUND CONSUMER STAPLES ETF","","","","$7.88"
"09/21/2022","Reinvest Dividend","FTEC","FIDELITY MSCI INFOR TECHINDX ETF","","","","$26.75"
"09/21/2022","Reinvest Dividend","FDIS","FIDELITY MSCI CONS DISCRINDX ETF","","","","$21.34"
"09/16/2022","Reinvest Shares","EL","ESTEE LAUDER CO INC CLASS A","0.0333","$239.32","","-$7.96"
"09/16/2022 as of 09/15/2022","Bank Interest","","BANK INT ...522 SCHWAB BANK","","","","$1.58"
"09/15/2022","Qual Div Reinvest","EL","ESTEE LAUDER CO INC CLASS A","","","","$7.96"
"09/09/2022","Reinvest Shares","SCHR","SCHWAB INTERMEDIATE TERMUS TRS ETF","0.1454","$50.609","","-$7.36"
"09/09/2022","Reinvest Shares","SCHO","SCHWAB SHORT TERM US TREASURY ETF","0.11","$48.81","","-$5.37"
"09/09/2022","Reinvest Shares","MSFT","MICROSOFT CORP","0.0832","$263.5771","","-$21.92"
"09/08/2022","Qual Div Reinvest","MSFT","MICROSOFT CORP","","","","$21.92"
"09/08/2022","Reinvest Shares","VGLT","VANGUARD LONG TERM TREASURY ETF IV","0.1012","$67.1043","","-$6.79"
"09/08/2022","Reinvest Dividend","SCHR","SCHWAB INTERMEDIATE TERMUS TRS ETF","","","","$7.36"
"09/08/2022","Reinvest Dividend","SCHO","SCHWAB SHORT TERM US TREASURY ETF","","","","$5.37"
"09/07/2022","Reinvest Dividend","VGLT","VANGUARD LONG TERM TREASURY ETF IV","","","","$6.79"
"09/02/2022","Reinvest Shares","ZTS","ZOETIS INC CLASS A","0.1215","$159.5267","","-$19.39"
"09/02/2022","Reinvest Shares","V","VISA INC CLASS A","0.0417","$201.5018","","-$8.40"
"09/01/2022","Qual Div Reinvest","ZTS","ZOETIS INC CLASS A","","","","$19.39"
"09/01/2022","Qual Div Reinvest","V","VISA INC CLASS A","","","","$8.40"
"08/22/2022","Reinvest Shares","CAT","CATERPILLAR INC","0.2682","$192.8855","","-$51.74"
"08/19/2022","Qual Div Reinvest","CAT","CATERPILLAR INC","","","","$51.74"
"08/16/2022 as of 08/15/2022","Bank Interest","","BANK INT ...522 SCHWAB BANK","","","","$1.21"
"08/15/2022","Reinvest Shares","COST","COSTCO WHOLESALE CO","0.0184","$541.7577","","-$9.97"
"08/12/2022","Reinvest Shares","NUE","NUCOR CORP","0.1999","$141.7013","","-$28.33"
"08/12/2022","Reinvest Shares","AAPL","APPLE INC","0.0911","$170.3087","","-$15.52"
"08/12/2022","Qual Div Reinvest","COST","COSTCO WHOLESALE CO","","","","$9.97"
